engine,variant,dut_outcome,regression_status,sim_exit,detected_code,run_log,detail
icarus,baseline,accepted,PASS,0,,icarus_baseline_run.log,
icarus,address_order,rejected,PASS,0,1,icarus_address_order_run.log,
icarus,operation_order,rejected,PASS,0,2,icarus_operation_order_run.log,
icarus,write_data,rejected,PASS,0,3,icarus_write_data_run.log,
icarus,compare_before_valid,rejected,PASS,0,4,icarus_compare_before_valid_run.log,
icarus,early_done,rejected,PASS,0,5,icarus_early_done_run.log,
icarus,wrong_first_diagnostic,rejected,PASS,0,6,icarus_wrong_first_diagnostic_run.log,
xsim,baseline,accepted,PASS,0,,xsim_baseline_run.log,
xsim,address_order,rejected,PASS,0,1,xsim_address_order_run.log,
xsim,operation_order,rejected,PASS,0,2,xsim_operation_order_run.log,
xsim,write_data,rejected,PASS,0,3,xsim_write_data_run.log,
xsim,compare_before_valid,rejected,PASS,0,4,xsim_compare_before_valid_run.log,
xsim,early_done,rejected,PASS,0,5,xsim_early_done_run.log,
xsim,wrong_first_diagnostic,rejected,PASS,0,6,xsim_wrong_first_diagnostic_run.log,
