tool,suite,case,fault_type,fault_addr,fault_bit,activated,activation_count,detected,error_count,first_phase,first_addr,first_expected,first_actual,status,detail,run_log
icarus,unit,none_a7_b2,0,7,2,,,,,,,,,PASS,,icarus_unit_none_a7_b2.log
icarus,unit,sa0_a7_b2,1,7,2,,,,,,,,,PASS,,icarus_unit_sa0_a7_b2.log
icarus,unit,sa1_a7_b2,2,7,2,,,,,,,,,PASS,,icarus_unit_sa1_a7_b2.log
icarus,unit,rising_a7_b2,3,7,2,,,,,,,,,PASS,,icarus_unit_rising_a7_b2.log
icarus,unit,falling_a7_b2,4,7,2,,,,,,,,,PASS,,icarus_unit_falling_a7_b2.log
icarus,unit,sa0_a63_b7,1,63,7,,,,,,,,,PASS,,icarus_unit_sa0_a63_b7.log
icarus,unit,falling_a0_b0,4,0,0,,,,,,,,,PASS,,icarus_unit_falling_a0_b0.log
icarus,mbist,none_a7_b2,0,7,2,0,0,0,0,0,0,00,00,PASS,,icarus_mbist_none_a7_b2.log
icarus,mbist,sa0_a7_b2,1,7,2,1,2,1,2,2,7,ff,fb,PASS,,icarus_mbist_sa0_a7_b2.log
icarus,mbist,sa1_a7_b2,2,7,2,1,3,1,3,1,7,00,04,PASS,,icarus_mbist_sa1_a7_b2.log
icarus,mbist,rising_a7_b2,3,7,2,1,2,1,2,2,7,ff,fb,PASS,,icarus_mbist_rising_a7_b2.log
icarus,mbist,falling_a7_b2,4,7,2,1,2,1,2,3,7,00,04,PASS,,icarus_mbist_falling_a7_b2.log
icarus,mbist,sa0_a63_b7,1,63,7,1,2,1,2,2,63,ff,7f,PASS,,icarus_mbist_sa0_a63_b7.log
icarus,mbist,falling_a0_b0,4,0,0,1,2,1,2,3,0,00,01,PASS,,icarus_mbist_falling_a0_b0.log
xsim,unit,none_a7_b2,0,7,2,,,,,,,,,PASS,,xsim_unit_none_a7_b2.log
xsim,unit,sa0_a7_b2,1,7,2,,,,,,,,,PASS,,xsim_unit_sa0_a7_b2.log
xsim,unit,sa1_a7_b2,2,7,2,,,,,,,,,PASS,,xsim_unit_sa1_a7_b2.log
xsim,unit,rising_a7_b2,3,7,2,,,,,,,,,PASS,,xsim_unit_rising_a7_b2.log
xsim,unit,falling_a7_b2,4,7,2,,,,,,,,,PASS,,xsim_unit_falling_a7_b2.log
xsim,unit,sa0_a63_b7,1,63,7,,,,,,,,,PASS,,xsim_unit_sa0_a63_b7.log
xsim,unit,falling_a0_b0,4,0,0,,,,,,,,,PASS,,xsim_unit_falling_a0_b0.log
xsim,mbist,none_a7_b2,0,7,2,0,0,0,0,0,0,00,00,PASS,,xsim_mbist_none_a7_b2.log
xsim,mbist,sa0_a7_b2,1,7,2,1,2,1,2,2,7,ff,fb,PASS,,xsim_mbist_sa0_a7_b2.log
xsim,mbist,sa1_a7_b2,2,7,2,1,3,1,3,1,7,00,04,PASS,,xsim_mbist_sa1_a7_b2.log
xsim,mbist,rising_a7_b2,3,7,2,1,2,1,2,2,7,ff,fb,PASS,,xsim_mbist_rising_a7_b2.log
xsim,mbist,falling_a7_b2,4,7,2,1,2,1,2,3,7,00,04,PASS,,xsim_mbist_falling_a7_b2.log
xsim,mbist,sa0_a63_b7,1,63,7,1,2,1,2,2,63,ff,7f,PASS,,xsim_mbist_sa0_a63_b7.log
xsim,mbist,falling_a0_b0,4,0,0,1,2,1,2,3,0,00,01,PASS,,xsim_mbist_falling_a0_b0.log
