Sample in Buffer,Sample in Window,TRIGGER,start_pulse,u_mbist/phase[2:0],req_addr[5:0],req_valid,req_write,req_wdata[7:0],rd_valid,rd_data[7:0],done,pass,fail,error_count[8:0],first_fail_phase[2:0],first_fail_addr[5:0],first_fail_expected[7:0],first_fail_actual[7:0],accepted_count[9:0],busy
0,0,1,1,0,0,0,0,00,0,00,0,0,0,0,0,0,00,00,0,0
1,1,0,0,0,0,1,1,00,0,00,0,0,0,0,0,0,00,00,0,1
2,2,0,0,0,1,1,1,00,0,00,0,0,0,0,0,0,00,00,1,1
3,3,0,0,0,2,1,1,00,0,00,0,0,0,0,0,0,00,00,2,1
4,4,0,0,0,3,1,1,00,0,00,0,0,0,0,0,0,00,00,3,1
5,5,0,0,0,4,1,1,00,0,00,0,0,0,0,0,0,00,00,4,1
6,6,0,0,0,5,1,1,00,0,00,0,0,0,0,0,0,00,00,5,1
7,7,0,0,0,6,1,1,00,0,00,0,0,0,0,0,0,00,00,6,1
8,8,0,0,0,7,1,1,00,0,00,0,0,0,0,0,0,00,00,7,1
9,9,0,0,0,8,1,1,00,0,00,0,0,0,0,0,0,00,00,8,1
10,10,0,0,0,9,1,1,00,0,00,0,0,0,0,0,0,00,00,9,1
11,11,0,0,0,10,1,1,00,0,00,0,0,0,0,0,0,00,00,10,1
12,12,0,0,0,11,1,1,00,0,00,0,0,0,0,0,0,00,00,11,1
13,13,0,0,0,12,1,1,00,0,00,0,0,0,0,0,0,00,00,12,1
14,14,0,0,0,13,1,1,00,0,00,0,0,0,0,0,0,00,00,13,1
15,15,0,0,0,14,1,1,00,0,00,0,0,0,0,0,0,00,00,14,1
16,16,0,0,0,15,1,1,00,0,00,0,0,0,0,0,0,00,00,15,1
17,17,0,0,0,16,1,1,00,0,00,0,0,0,0,0,0,00,00,16,1
18,18,0,0,0,17,1,1,00,0,00,0,0,0,0,0,0,00,00,17,1
19,19,0,0,0,18,1,1,00,0,00,0,0,0,0,0,0,00,00,18,1
20,20,0,0,0,19,1,1,00,0,00,0,0,0,0,0,0,00,00,19,1
21,21,0,0,0,20,1,1,00,0,00,0,0,0,0,0,0,00,00,20,1
22,22,0,0,0,21,1,1,00,0,00,0,0,0,0,0,0,00,00,21,1
23,23,0,0,0,22,1,1,00,0,00,0,0,0,0,0,0,00,00,22,1
24,24,0,0,0,23,1,1,00,0,00,0,0,0,0,0,0,00,00,23,1
25,25,0,0,0,24,1,1,00,0,00,0,0,0,0,0,0,00,00,24,1
26,26,0,0,0,25,1,1,00,0,00,0,0,0,0,0,0,00,00,25,1
27,27,0,0,0,26,1,1,00,0,00,0,0,0,0,0,0,00,00,26,1
28,28,0,0,0,27,1,1,00,0,00,0,0,0,0,0,0,00,00,27,1
29,29,0,0,0,28,1,1,00,0,00,0,0,0,0,0,0,00,00,28,1
30,30,0,0,0,29,1,1,00,0,00,0,0,0,0,0,0,00,00,29,1
31,31,0,0,0,30,1,1,00,0,00,0,0,0,0,0,0,00,00,30,1
32,32,0,0,0,31,1,1,00,0,00,0,0,0,0,0,0,00,00,31,1
33,33,0,0,0,32,1,1,00,0,00,0,0,0,0,0,0,00,00,32,1
34,34,0,0,0,33,1,1,00,0,00,0,0,0,0,0,0,00,00,33,1
35,35,0,0,0,34,1,1,00,0,00,0,0,0,0,0,0,00,00,34,1
36,36,0,0,0,35,1,1,00,0,00,0,0,0,0,0,0,00,00,35,1
37,37,0,0,0,36,1,1,00,0,00,0,0,0,0,0,0,00,00,36,1
38,38,0,0,0,37,1,1,00,0,00,0,0,0,0,0,0,00,00,37,1
39,39,0,0,0,38,1,1,00,0,00,0,0,0,0,0,0,00,00,38,1
40,40,0,0,0,39,1,1,00,0,00,0,0,0,0,0,0,00,00,39,1
41,41,0,0,0,40,1,1,00,0,00,0,0,0,0,0,0,00,00,40,1
42,42,0,0,0,41,1,1,00,0,00,0,0,0,0,0,0,00,00,41,1
43,43,0,0,0,42,1,1,00,0,00,0,0,0,0,0,0,00,00,42,1
44,44,0,0,0,43,1,1,00,0,00,0,0,0,0,0,0,00,00,43,1
45,45,0,0,0,44,1,1,00,0,00,0,0,0,0,0,0,00,00,44,1
46,46,0,0,0,45,1,1,00,0,00,0,0,0,0,0,0,00,00,45,1
47,47,0,0,0,46,1,1,00,0,00,0,0,0,0,0,0,00,00,46,1
48,48,0,0,0,47,1,1,00,0,00,0,0,0,0,0,0,00,00,47,1
49,49,0,0,0,48,1,1,00,0,00,0,0,0,0,0,0,00,00,48,1
50,50,0,0,0,49,1,1,00,0,00,0,0,0,0,0,0,00,00,49,1
51,51,0,0,0,50,1,1,00,0,00,0,0,0,0,0,0,00,00,50,1
52,52,0,0,0,51,1,1,00,0,00,0,0,0,0,0,0,00,00,51,1
53,53,0,0,0,52,1,1,00,0,00,0,0,0,0,0,0,00,00,52,1
54,54,0,0,0,53,1,1,00,0,00,0,0,0,0,0,0,00,00,53,1
55,55,0,0,0,54,1,1,00,0,00,0,0,0,0,0,0,00,00,54,1
56,56,0,0,0,55,1,1,00,0,00,0,0,0,0,0,0,00,00,55,1
57,57,0,0,0,56,1,1,00,0,00,0,0,0,0,0,0,00,00,56,1
58,58,0,0,0,57,1,1,00,0,00,0,0,0,0,0,0,00,00,57,1
59,59,0,0,0,58,1,1,00,0,00,0,0,0,0,0,0,00,00,58,1
60,60,0,0,0,59,1,1,00,0,00,0,0,0,0,0,0,00,00,59,1
61,61,0,0,0,60,1,1,00,0,00,0,0,0,0,0,0,00,00,60,1
62,62,0,0,0,61,1,1,00,0,00,0,0,0,0,0,0,00,00,61,1
63,63,0,0,0,62,1,1,00,0,00,0,0,0,0,0,0,00,00,62,1
64,64,0,0,0,63,1,1,00,0,00,0,0,0,0,0,0,00,00,63,1
65,65,0,0,1,0,1,0,ff,0,00,0,0,0,0,0,0,00,00,64,1
66,66,0,0,1,0,0,0,ff,1,00,0,0,0,0,0,0,00,00,65,1
67,67,0,0,1,0,1,1,ff,0,00,0,0,0,0,0,0,00,00,65,1
68,68,0,0,1,1,1,0,ff,0,00,0,0,0,0,0,0,00,00,66,1
69,69,0,0,1,1,0,0,ff,1,00,0,0,0,0,0,0,00,00,67,1
70,70,0,0,1,1,1,1,ff,0,00,0,0,0,0,0,0,00,00,67,1
71,71,0,0,1,2,1,0,ff,0,00,0,0,0,0,0,0,00,00,68,1
72,72,0,0,1,2,0,0,ff,1,00,0,0,0,0,0,0,00,00,69,1
73,73,0,0,1,2,1,1,ff,0,00,0,0,0,0,0,0,00,00,69,1
74,74,0,0,1,3,1,0,ff,0,00,0,0,0,0,0,0,00,00,70,1
75,75,0,0,1,3,0,0,ff,1,00,0,0,0,0,0,0,00,00,71,1
76,76,0,0,1,3,1,1,ff,0,00,0,0,0,0,0,0,00,00,71,1
77,77,0,0,1,4,1,0,ff,0,00,0,0,0,0,0,0,00,00,72,1
78,78,0,0,1,4,0,0,ff,1,00,0,0,0,0,0,0,00,00,73,1
79,79,0,0,1,4,1,1,ff,0,00,0,0,0,0,0,0,00,00,73,1
80,80,0,0,1,5,1,0,ff,0,00,0,0,0,0,0,0,00,00,74,1
81,81,0,0,1,5,0,0,ff,1,00,0,0,0,0,0,0,00,00,75,1
82,82,0,0,1,5,1,1,ff,0,00,0,0,0,0,0,0,00,00,75,1
83,83,0,0,1,6,1,0,ff,0,00,0,0,0,0,0,0,00,00,76,1
84,84,0,0,1,6,0,0,ff,1,00,0,0,0,0,0,0,00,00,77,1
85,85,0,0,1,6,1,1,ff,0,00,0,0,0,0,0,0,00,00,77,1
86,86,0,0,1,7,1,0,ff,0,00,0,0,0,0,0,0,00,00,78,1
87,87,0,0,1,7,0,0,ff,1,00,0,0,0,0,0,0,00,00,79,1
88,88,0,0,1,7,1,1,ff,0,00,0,0,0,0,0,0,00,00,79,1
89,89,0,0,1,8,1,0,ff,0,00,0,0,0,0,0,0,00,00,80,1
90,90,0,0,1,8,0,0,ff,1,00,0,0,0,0,0,0,00,00,81,1
91,91,0,0,1,8,1,1,ff,0,00,0,0,0,0,0,0,00,00,81,1
92,92,0,0,1,9,1,0,ff,0,00,0,0,0,0,0,0,00,00,82,1
93,93,0,0,1,9,0,0,ff,1,00,0,0,0,0,0,0,00,00,83,1
94,94,0,0,1,9,1,1,ff,0,00,0,0,0,0,0,0,00,00,83,1
95,95,0,0,1,10,1,0,ff,0,00,0,0,0,0,0,0,00,00,84,1
96,96,0,0,1,10,0,0,ff,1,00,0,0,0,0,0,0,00,00,85,1
97,97,0,0,1,10,1,1,ff,0,00,0,0,0,0,0,0,00,00,85,1
98,98,0,0,1,11,1,0,ff,0,00,0,0,0,0,0,0,00,00,86,1
99,99,0,0,1,11,0,0,ff,1,00,0,0,0,0,0,0,00,00,87,1
100,100,0,0,1,11,1,1,ff,0,00,0,0,0,0,0,0,00,00,87,1
101,101,0,0,1,12,1,0,ff,0,00,0,0,0,0,0,0,00,00,88,1
102,102,0,0,1,12,0,0,ff,1,00,0,0,0,0,0,0,00,00,89,1
103,103,0,0,1,12,1,1,ff,0,00,0,0,0,0,0,0,00,00,89,1
104,104,0,0,1,13,1,0,ff,0,00,0,0,0,0,0,0,00,00,90,1
105,105,0,0,1,13,0,0,ff,1,00,0,0,0,0,0,0,00,00,91,1
106,106,0,0,1,13,1,1,ff,0,00,0,0,0,0,0,0,00,00,91,1
107,107,0,0,1,14,1,0,ff,0,00,0,0,0,0,0,0,00,00,92,1
108,108,0,0,1,14,0,0,ff,1,00,0,0,0,0,0,0,00,00,93,1
109,109,0,0,1,14,1,1,ff,0,00,0,0,0,0,0,0,00,00,93,1
110,110,0,0,1,15,1,0,ff,0,00,0,0,0,0,0,0,00,00,94,1
111,111,0,0,1,15,0,0,ff,1,00,0,0,0,0,0,0,00,00,95,1
112,112,0,0,1,15,1,1,ff,0,00,0,0,0,0,0,0,00,00,95,1
113,113,0,0,1,16,1,0,ff,0,00,0,0,0,0,0,0,00,00,96,1
114,114,0,0,1,16,0,0,ff,1,00,0,0,0,0,0,0,00,00,97,1
115,115,0,0,1,16,1,1,ff,0,00,0,0,0,0,0,0,00,00,97,1
116,116,0,0,1,17,1,0,ff,0,00,0,0,0,0,0,0,00,00,98,1
117,117,0,0,1,17,0,0,ff,1,00,0,0,0,0,0,0,00,00,99,1
118,118,0,0,1,17,1,1,ff,0,00,0,0,0,0,0,0,00,00,99,1
119,119,0,0,1,18,1,0,ff,0,00,0,0,0,0,0,0,00,00,100,1
120,120,0,0,1,18,0,0,ff,1,00,0,0,0,0,0,0,00,00,101,1
121,121,0,0,1,18,1,1,ff,0,00,0,0,0,0,0,0,00,00,101,1
122,122,0,0,1,19,1,0,ff,0,00,0,0,0,0,0,0,00,00,102,1
123,123,0,0,1,19,0,0,ff,1,00,0,0,0,0,0,0,00,00,103,1
124,124,0,0,1,19,1,1,ff,0,00,0,0,0,0,0,0,00,00,103,1
125,125,0,0,1,20,1,0,ff,0,00,0,0,0,0,0,0,00,00,104,1
126,126,0,0,1,20,0,0,ff,1,00,0,0,0,0,0,0,00,00,105,1
127,127,0,0,1,20,1,1,ff,0,00,0,0,0,0,0,0,00,00,105,1
128,128,0,0,1,21,1,0,ff,0,00,0,0,0,0,0,0,00,00,106,1
129,129,0,0,1,21,0,0,ff,1,00,0,0,0,0,0,0,00,00,107,1
130,130,0,0,1,21,1,1,ff,0,00,0,0,0,0,0,0,00,00,107,1
131,131,0,0,1,22,1,0,ff,0,00,0,0,0,0,0,0,00,00,108,1
132,132,0,0,1,22,0,0,ff,1,00,0,0,0,0,0,0,00,00,109,1
133,133,0,0,1,22,1,1,ff,0,00,0,0,0,0,0,0,00,00,109,1
134,134,0,0,1,23,1,0,ff,0,00,0,0,0,0,0,0,00,00,110,1
135,135,0,0,1,23,0,0,ff,1,00,0,0,0,0,0,0,00,00,111,1
136,136,0,0,1,23,1,1,ff,0,00,0,0,0,0,0,0,00,00,111,1
137,137,0,0,1,24,1,0,ff,0,00,0,0,0,0,0,0,00,00,112,1
138,138,0,0,1,24,0,0,ff,1,00,0,0,0,0,0,0,00,00,113,1
139,139,0,0,1,24,1,1,ff,0,00,0,0,0,0,0,0,00,00,113,1
140,140,0,0,1,25,1,0,ff,0,00,0,0,0,0,0,0,00,00,114,1
141,141,0,0,1,25,0,0,ff,1,00,0,0,0,0,0,0,00,00,115,1
142,142,0,0,1,25,1,1,ff,0,00,0,0,0,0,0,0,00,00,115,1
143,143,0,0,1,26,1,0,ff,0,00,0,0,0,0,0,0,00,00,116,1
144,144,0,0,1,26,0,0,ff,1,00,0,0,0,0,0,0,00,00,117,1
145,145,0,0,1,26,1,1,ff,0,00,0,0,0,0,0,0,00,00,117,1
146,146,0,0,1,27,1,0,ff,0,00,0,0,0,0,0,0,00,00,118,1
147,147,0,0,1,27,0,0,ff,1,00,0,0,0,0,0,0,00,00,119,1
148,148,0,0,1,27,1,1,ff,0,00,0,0,0,0,0,0,00,00,119,1
149,149,0,0,1,28,1,0,ff,0,00,0,0,0,0,0,0,00,00,120,1
150,150,0,0,1,28,0,0,ff,1,00,0,0,0,0,0,0,00,00,121,1
151,151,0,0,1,28,1,1,ff,0,00,0,0,0,0,0,0,00,00,121,1
152,152,0,0,1,29,1,0,ff,0,00,0,0,0,0,0,0,00,00,122,1
153,153,0,0,1,29,0,0,ff,1,00,0,0,0,0,0,0,00,00,123,1
154,154,0,0,1,29,1,1,ff,0,00,0,0,0,0,0,0,00,00,123,1
155,155,0,0,1,30,1,0,ff,0,00,0,0,0,0,0,0,00,00,124,1
156,156,0,0,1,30,0,0,ff,1,00,0,0,0,0,0,0,00,00,125,1
157,157,0,0,1,30,1,1,ff,0,00,0,0,0,0,0,0,00,00,125,1
158,158,0,0,1,31,1,0,ff,0,00,0,0,0,0,0,0,00,00,126,1
159,159,0,0,1,31,0,0,ff,1,00,0,0,0,0,0,0,00,00,127,1
160,160,0,0,1,31,1,1,ff,0,00,0,0,0,0,0,0,00,00,127,1
161,161,0,0,1,32,1,0,ff,0,00,0,0,0,0,0,0,00,00,128,1
162,162,0,0,1,32,0,0,ff,1,00,0,0,0,0,0,0,00,00,129,1
163,163,0,0,1,32,1,1,ff,0,00,0,0,0,0,0,0,00,00,129,1
164,164,0,0,1,33,1,0,ff,0,00,0,0,0,0,0,0,00,00,130,1
165,165,0,0,1,33,0,0,ff,1,00,0,0,0,0,0,0,00,00,131,1
166,166,0,0,1,33,1,1,ff,0,00,0,0,0,0,0,0,00,00,131,1
167,167,0,0,1,34,1,0,ff,0,00,0,0,0,0,0,0,00,00,132,1
168,168,0,0,1,34,0,0,ff,1,00,0,0,0,0,0,0,00,00,133,1
169,169,0,0,1,34,1,1,ff,0,00,0,0,0,0,0,0,00,00,133,1
170,170,0,0,1,35,1,0,ff,0,00,0,0,0,0,0,0,00,00,134,1
171,171,0,0,1,35,0,0,ff,1,00,0,0,0,0,0,0,00,00,135,1
172,172,0,0,1,35,1,1,ff,0,00,0,0,0,0,0,0,00,00,135,1
173,173,0,0,1,36,1,0,ff,0,00,0,0,0,0,0,0,00,00,136,1
174,174,0,0,1,36,0,0,ff,1,00,0,0,0,0,0,0,00,00,137,1
175,175,0,0,1,36,1,1,ff,0,00,0,0,0,0,0,0,00,00,137,1
176,176,0,0,1,37,1,0,ff,0,00,0,0,0,0,0,0,00,00,138,1
177,177,0,0,1,37,0,0,ff,1,00,0,0,0,0,0,0,00,00,139,1
178,178,0,0,1,37,1,1,ff,0,00,0,0,0,0,0,0,00,00,139,1
179,179,0,0,1,38,1,0,ff,0,00,0,0,0,0,0,0,00,00,140,1
180,180,0,0,1,38,0,0,ff,1,00,0,0,0,0,0,0,00,00,141,1
181,181,0,0,1,38,1,1,ff,0,00,0,0,0,0,0,0,00,00,141,1
182,182,0,0,1,39,1,0,ff,0,00,0,0,0,0,0,0,00,00,142,1
183,183,0,0,1,39,0,0,ff,1,00,0,0,0,0,0,0,00,00,143,1
184,184,0,0,1,39,1,1,ff,0,00,0,0,0,0,0,0,00,00,143,1
185,185,0,0,1,40,1,0,ff,0,00,0,0,0,0,0,0,00,00,144,1
186,186,0,0,1,40,0,0,ff,1,00,0,0,0,0,0,0,00,00,145,1
187,187,0,0,1,40,1,1,ff,0,00,0,0,0,0,0,0,00,00,145,1
188,188,0,0,1,41,1,0,ff,0,00,0,0,0,0,0,0,00,00,146,1
189,189,0,0,1,41,0,0,ff,1,00,0,0,0,0,0,0,00,00,147,1
190,190,0,0,1,41,1,1,ff,0,00,0,0,0,0,0,0,00,00,147,1
191,191,0,0,1,42,1,0,ff,0,00,0,0,0,0,0,0,00,00,148,1
192,192,0,0,1,42,0,0,ff,1,00,0,0,0,0,0,0,00,00,149,1
193,193,0,0,1,42,1,1,ff,0,00,0,0,0,0,0,0,00,00,149,1
194,194,0,0,1,43,1,0,ff,0,00,0,0,0,0,0,0,00,00,150,1
195,195,0,0,1,43,0,0,ff,1,00,0,0,0,0,0,0,00,00,151,1
196,196,0,0,1,43,1,1,ff,0,00,0,0,0,0,0,0,00,00,151,1
197,197,0,0,1,44,1,0,ff,0,00,0,0,0,0,0,0,00,00,152,1
198,198,0,0,1,44,0,0,ff,1,00,0,0,0,0,0,0,00,00,153,1
199,199,0,0,1,44,1,1,ff,0,00,0,0,0,0,0,0,00,00,153,1
200,200,0,0,1,45,1,0,ff,0,00,0,0,0,0,0,0,00,00,154,1
201,201,0,0,1,45,0,0,ff,1,00,0,0,0,0,0,0,00,00,155,1
202,202,0,0,1,45,1,1,ff,0,00,0,0,0,0,0,0,00,00,155,1
203,203,0,0,1,46,1,0,ff,0,00,0,0,0,0,0,0,00,00,156,1
204,204,0,0,1,46,0,0,ff,1,00,0,0,0,0,0,0,00,00,157,1
205,205,0,0,1,46,1,1,ff,0,00,0,0,0,0,0,0,00,00,157,1
206,206,0,0,1,47,1,0,ff,0,00,0,0,0,0,0,0,00,00,158,1
207,207,0,0,1,47,0,0,ff,1,00,0,0,0,0,0,0,00,00,159,1
208,208,0,0,1,47,1,1,ff,0,00,0,0,0,0,0,0,00,00,159,1
209,209,0,0,1,48,1,0,ff,0,00,0,0,0,0,0,0,00,00,160,1
210,210,0,0,1,48,0,0,ff,1,00,0,0,0,0,0,0,00,00,161,1
211,211,0,0,1,48,1,1,ff,0,00,0,0,0,0,0,0,00,00,161,1
212,212,0,0,1,49,1,0,ff,0,00,0,0,0,0,0,0,00,00,162,1
213,213,0,0,1,49,0,0,ff,1,00,0,0,0,0,0,0,00,00,163,1
214,214,0,0,1,49,1,1,ff,0,00,0,0,0,0,0,0,00,00,163,1
215,215,0,0,1,50,1,0,ff,0,00,0,0,0,0,0,0,00,00,164,1
216,216,0,0,1,50,0,0,ff,1,00,0,0,0,0,0,0,00,00,165,1
217,217,0,0,1,50,1,1,ff,0,00,0,0,0,0,0,0,00,00,165,1
218,218,0,0,1,51,1,0,ff,0,00,0,0,0,0,0,0,00,00,166,1
219,219,0,0,1,51,0,0,ff,1,00,0,0,0,0,0,0,00,00,167,1
220,220,0,0,1,51,1,1,ff,0,00,0,0,0,0,0,0,00,00,167,1
221,221,0,0,1,52,1,0,ff,0,00,0,0,0,0,0,0,00,00,168,1
222,222,0,0,1,52,0,0,ff,1,00,0,0,0,0,0,0,00,00,169,1
223,223,0,0,1,52,1,1,ff,0,00,0,0,0,0,0,0,00,00,169,1
224,224,0,0,1,53,1,0,ff,0,00,0,0,0,0,0,0,00,00,170,1
225,225,0,0,1,53,0,0,ff,1,00,0,0,0,0,0,0,00,00,171,1
226,226,0,0,1,53,1,1,ff,0,00,0,0,0,0,0,0,00,00,171,1
227,227,0,0,1,54,1,0,ff,0,00,0,0,0,0,0,0,00,00,172,1
228,228,0,0,1,54,0,0,ff,1,00,0,0,0,0,0,0,00,00,173,1
229,229,0,0,1,54,1,1,ff,0,00,0,0,0,0,0,0,00,00,173,1
230,230,0,0,1,55,1,0,ff,0,00,0,0,0,0,0,0,00,00,174,1
231,231,0,0,1,55,0,0,ff,1,00,0,0,0,0,0,0,00,00,175,1
232,232,0,0,1,55,1,1,ff,0,00,0,0,0,0,0,0,00,00,175,1
233,233,0,0,1,56,1,0,ff,0,00,0,0,0,0,0,0,00,00,176,1
234,234,0,0,1,56,0,0,ff,1,00,0,0,0,0,0,0,00,00,177,1
235,235,0,0,1,56,1,1,ff,0,00,0,0,0,0,0,0,00,00,177,1
236,236,0,0,1,57,1,0,ff,0,00,0,0,0,0,0,0,00,00,178,1
237,237,0,0,1,57,0,0,ff,1,00,0,0,0,0,0,0,00,00,179,1
238,238,0,0,1,57,1,1,ff,0,00,0,0,0,0,0,0,00,00,179,1
239,239,0,0,1,58,1,0,ff,0,00,0,0,0,0,0,0,00,00,180,1
240,240,0,0,1,58,0,0,ff,1,00,0,0,0,0,0,0,00,00,181,1
241,241,0,0,1,58,1,1,ff,0,00,0,0,0,0,0,0,00,00,181,1
242,242,0,0,1,59,1,0,ff,0,00,0,0,0,0,0,0,00,00,182,1
243,243,0,0,1,59,0,0,ff,1,00,0,0,0,0,0,0,00,00,183,1
244,244,0,0,1,59,1,1,ff,0,00,0,0,0,0,0,0,00,00,183,1
245,245,0,0,1,60,1,0,ff,0,00,0,0,0,0,0,0,00,00,184,1
246,246,0,0,1,60,0,0,ff,1,00,0,0,0,0,0,0,00,00,185,1
247,247,0,0,1,60,1,1,ff,0,00,0,0,0,0,0,0,00,00,185,1
248,248,0,0,1,61,1,0,ff,0,00,0,0,0,0,0,0,00,00,186,1
249,249,0,0,1,61,0,0,ff,1,00,0,0,0,0,0,0,00,00,187,1
250,250,0,0,1,61,1,1,ff,0,00,0,0,0,0,0,0,00,00,187,1
251,251,0,0,1,62,1,0,ff,0,00,0,0,0,0,0,0,00,00,188,1
252,252,0,0,1,62,0,0,ff,1,00,0,0,0,0,0,0,00,00,189,1
253,253,0,0,1,62,1,1,ff,0,00,0,0,0,0,0,0,00,00,189,1
254,254,0,0,1,63,1,0,ff,0,00,0,0,0,0,0,0,00,00,190,1
255,255,0,0,1,63,0,0,ff,1,00,0,0,0,0,0,0,00,00,191,1
256,256,0,0,1,63,1,1,ff,0,00,0,0,0,0,0,0,00,00,191,1
257,257,0,0,2,0,1,0,00,0,00,0,0,0,0,0,0,00,00,192,1
258,258,0,0,2,0,0,0,00,1,ff,0,0,0,0,0,0,00,00,193,1
259,259,0,0,2,0,1,1,00,0,ff,0,0,0,0,0,0,00,00,193,1
260,260,0,0,2,1,1,0,00,0,ff,0,0,0,0,0,0,00,00,194,1
261,261,0,0,2,1,0,0,00,1,ff,0,0,0,0,0,0,00,00,195,1
262,262,0,0,2,1,1,1,00,0,ff,0,0,0,0,0,0,00,00,195,1
263,263,0,0,2,2,1,0,00,0,ff,0,0,0,0,0,0,00,00,196,1
264,264,0,0,2,2,0,0,00,1,ff,0,0,0,0,0,0,00,00,197,1
265,265,0,0,2,2,1,1,00,0,ff,0,0,0,0,0,0,00,00,197,1
266,266,0,0,2,3,1,0,00,0,ff,0,0,0,0,0,0,00,00,198,1
267,267,0,0,2,3,0,0,00,1,ff,0,0,0,0,0,0,00,00,199,1
268,268,0,0,2,3,1,1,00,0,ff,0,0,0,0,0,0,00,00,199,1
269,269,0,0,2,4,1,0,00,0,ff,0,0,0,0,0,0,00,00,200,1
270,270,0,0,2,4,0,0,00,1,ff,0,0,0,0,0,0,00,00,201,1
271,271,0,0,2,4,1,1,00,0,ff,0,0,0,0,0,0,00,00,201,1
272,272,0,0,2,5,1,0,00,0,ff,0,0,0,0,0,0,00,00,202,1
273,273,0,0,2,5,0,0,00,1,ff,0,0,0,0,0,0,00,00,203,1
274,274,0,0,2,5,1,1,00,0,ff,0,0,0,0,0,0,00,00,203,1
275,275,0,0,2,6,1,0,00,0,ff,0,0,0,0,0,0,00,00,204,1
276,276,0,0,2,6,0,0,00,1,ff,0,0,0,0,0,0,00,00,205,1
277,277,0,0,2,6,1,1,00,0,ff,0,0,0,0,0,0,00,00,205,1
278,278,0,0,2,7,1,0,00,0,ff,0,0,0,0,0,0,00,00,206,1
279,279,0,0,2,7,0,0,00,1,fe,0,0,0,0,0,0,00,00,207,1
280,280,0,0,2,7,1,1,00,0,ff,0,0,1,1,2,7,ff,fe,207,1
281,281,0,0,2,8,1,0,00,0,ff,0,0,1,1,2,7,ff,fe,208,1
282,282,0,0,2,8,0,0,00,1,ff,0,0,1,1,2,7,ff,fe,209,1
283,283,0,0,2,8,1,1,00,0,ff,0,0,1,1,2,7,ff,fe,209,1
284,284,0,0,2,9,1,0,00,0,ff,0,0,1,1,2,7,ff,fe,210,1
285,285,0,0,2,9,0,0,00,1,ff,0,0,1,1,2,7,ff,fe,211,1
286,286,0,0,2,9,1,1,00,0,ff,0,0,1,1,2,7,ff,fe,211,1
287,287,0,0,2,10,1,0,00,0,ff,0,0,1,1,2,7,ff,fe,212,1
288,288,0,0,2,10,0,0,00,1,ff,0,0,1,1,2,7,ff,fe,213,1
289,289,0,0,2,10,1,1,00,0,ff,0,0,1,1,2,7,ff,fe,213,1
290,290,0,0,2,11,1,0,00,0,ff,0,0,1,1,2,7,ff,fe,214,1
291,291,0,0,2,11,0,0,00,1,ff,0,0,1,1,2,7,ff,fe,215,1
292,292,0,0,2,11,1,1,00,0,ff,0,0,1,1,2,7,ff,fe,215,1
293,293,0,0,2,12,1,0,00,0,ff,0,0,1,1,2,7,ff,fe,216,1
294,294,0,0,2,12,0,0,00,1,ff,0,0,1,1,2,7,ff,fe,217,1
295,295,0,0,2,12,1,1,00,0,ff,0,0,1,1,2,7,ff,fe,217,1
296,296,0,0,2,13,1,0,00,0,ff,0,0,1,1,2,7,ff,fe,218,1
297,297,0,0,2,13,0,0,00,1,ff,0,0,1,1,2,7,ff,fe,219,1
298,298,0,0,2,13,1,1,00,0,ff,0,0,1,1,2,7,ff,fe,219,1
299,299,0,0,2,14,1,0,00,0,ff,0,0,1,1,2,7,ff,fe,220,1
300,300,0,0,2,14,0,0,00,1,ff,0,0,1,1,2,7,ff,fe,221,1
301,301,0,0,2,14,1,1,00,0,ff,0,0,1,1,2,7,ff,fe,221,1
302,302,0,0,2,15,1,0,00,0,ff,0,0,1,1,2,7,ff,fe,222,1
303,303,0,0,2,15,0,0,00,1,ff,0,0,1,1,2,7,ff,fe,223,1
304,304,0,0,2,15,1,1,00,0,ff,0,0,1,1,2,7,ff,fe,223,1
305,305,0,0,2,16,1,0,00,0,ff,0,0,1,1,2,7,ff,fe,224,1
306,306,0,0,2,16,0,0,00,1,ff,0,0,1,1,2,7,ff,fe,225,1
307,307,0,0,2,16,1,1,00,0,ff,0,0,1,1,2,7,ff,fe,225,1
308,308,0,0,2,17,1,0,00,0,ff,0,0,1,1,2,7,ff,fe,226,1
309,309,0,0,2,17,0,0,00,1,ff,0,0,1,1,2,7,ff,fe,227,1
310,310,0,0,2,17,1,1,00,0,ff,0,0,1,1,2,7,ff,fe,227,1
311,311,0,0,2,18,1,0,00,0,ff,0,0,1,1,2,7,ff,fe,228,1
312,312,0,0,2,18,0,0,00,1,ff,0,0,1,1,2,7,ff,fe,229,1
313,313,0,0,2,18,1,1,00,0,ff,0,0,1,1,2,7,ff,fe,229,1
314,314,0,0,2,19,1,0,00,0,ff,0,0,1,1,2,7,ff,fe,230,1
315,315,0,0,2,19,0,0,00,1,ff,0,0,1,1,2,7,ff,fe,231,1
316,316,0,0,2,19,1,1,00,0,ff,0,0,1,1,2,7,ff,fe,231,1
317,317,0,0,2,20,1,0,00,0,ff,0,0,1,1,2,7,ff,fe,232,1
318,318,0,0,2,20,0,0,00,1,ff,0,0,1,1,2,7,ff,fe,233,1
319,319,0,0,2,20,1,1,00,0,ff,0,0,1,1,2,7,ff,fe,233,1
320,320,0,0,2,21,1,0,00,0,ff,0,0,1,1,2,7,ff,fe,234,1
321,321,0,0,2,21,0,0,00,1,ff,0,0,1,1,2,7,ff,fe,235,1
322,322,0,0,2,21,1,1,00,0,ff,0,0,1,1,2,7,ff,fe,235,1
323,323,0,0,2,22,1,0,00,0,ff,0,0,1,1,2,7,ff,fe,236,1
324,324,0,0,2,22,0,0,00,1,ff,0,0,1,1,2,7,ff,fe,237,1
325,325,0,0,2,22,1,1,00,0,ff,0,0,1,1,2,7,ff,fe,237,1
326,326,0,0,2,23,1,0,00,0,ff,0,0,1,1,2,7,ff,fe,238,1
327,327,0,0,2,23,0,0,00,1,ff,0,0,1,1,2,7,ff,fe,239,1
328,328,0,0,2,23,1,1,00,0,ff,0,0,1,1,2,7,ff,fe,239,1
329,329,0,0,2,24,1,0,00,0,ff,0,0,1,1,2,7,ff,fe,240,1
330,330,0,0,2,24,0,0,00,1,ff,0,0,1,1,2,7,ff,fe,241,1
331,331,0,0,2,24,1,1,00,0,ff,0,0,1,1,2,7,ff,fe,241,1
332,332,0,0,2,25,1,0,00,0,ff,0,0,1,1,2,7,ff,fe,242,1
333,333,0,0,2,25,0,0,00,1,ff,0,0,1,1,2,7,ff,fe,243,1
334,334,0,0,2,25,1,1,00,0,ff,0,0,1,1,2,7,ff,fe,243,1
335,335,0,0,2,26,1,0,00,0,ff,0,0,1,1,2,7,ff,fe,244,1
336,336,0,0,2,26,0,0,00,1,ff,0,0,1,1,2,7,ff,fe,245,1
337,337,0,0,2,26,1,1,00,0,ff,0,0,1,1,2,7,ff,fe,245,1
338,338,0,0,2,27,1,0,00,0,ff,0,0,1,1,2,7,ff,fe,246,1
339,339,0,0,2,27,0,0,00,1,ff,0,0,1,1,2,7,ff,fe,247,1
340,340,0,0,2,27,1,1,00,0,ff,0,0,1,1,2,7,ff,fe,247,1
341,341,0,0,2,28,1,0,00,0,ff,0,0,1,1,2,7,ff,fe,248,1
342,342,0,0,2,28,0,0,00,1,ff,0,0,1,1,2,7,ff,fe,249,1
343,343,0,0,2,28,1,1,00,0,ff,0,0,1,1,2,7,ff,fe,249,1
344,344,0,0,2,29,1,0,00,0,ff,0,0,1,1,2,7,ff,fe,250,1
345,345,0,0,2,29,0,0,00,1,ff,0,0,1,1,2,7,ff,fe,251,1
346,346,0,0,2,29,1,1,00,0,ff,0,0,1,1,2,7,ff,fe,251,1
347,347,0,0,2,30,1,0,00,0,ff,0,0,1,1,2,7,ff,fe,252,1
348,348,0,0,2,30,0,0,00,1,ff,0,0,1,1,2,7,ff,fe,253,1
349,349,0,0,2,30,1,1,00,0,ff,0,0,1,1,2,7,ff,fe,253,1
350,350,0,0,2,31,1,0,00,0,ff,0,0,1,1,2,7,ff,fe,254,1
351,351,0,0,2,31,0,0,00,1,ff,0,0,1,1,2,7,ff,fe,255,1
352,352,0,0,2,31,1,1,00,0,ff,0,0,1,1,2,7,ff,fe,255,1
353,353,0,0,2,32,1,0,00,0,ff,0,0,1,1,2,7,ff,fe,256,1
354,354,0,0,2,32,0,0,00,1,ff,0,0,1,1,2,7,ff,fe,257,1
355,355,0,0,2,32,1,1,00,0,ff,0,0,1,1,2,7,ff,fe,257,1
356,356,0,0,2,33,1,0,00,0,ff,0,0,1,1,2,7,ff,fe,258,1
357,357,0,0,2,33,0,0,00,1,ff,0,0,1,1,2,7,ff,fe,259,1
358,358,0,0,2,33,1,1,00,0,ff,0,0,1,1,2,7,ff,fe,259,1
359,359,0,0,2,34,1,0,00,0,ff,0,0,1,1,2,7,ff,fe,260,1
360,360,0,0,2,34,0,0,00,1,ff,0,0,1,1,2,7,ff,fe,261,1
361,361,0,0,2,34,1,1,00,0,ff,0,0,1,1,2,7,ff,fe,261,1
362,362,0,0,2,35,1,0,00,0,ff,0,0,1,1,2,7,ff,fe,262,1
363,363,0,0,2,35,0,0,00,1,ff,0,0,1,1,2,7,ff,fe,263,1
364,364,0,0,2,35,1,1,00,0,ff,0,0,1,1,2,7,ff,fe,263,1
365,365,0,0,2,36,1,0,00,0,ff,0,0,1,1,2,7,ff,fe,264,1
366,366,0,0,2,36,0,0,00,1,ff,0,0,1,1,2,7,ff,fe,265,1
367,367,0,0,2,36,1,1,00,0,ff,0,0,1,1,2,7,ff,fe,265,1
368,368,0,0,2,37,1,0,00,0,ff,0,0,1,1,2,7,ff,fe,266,1
369,369,0,0,2,37,0,0,00,1,ff,0,0,1,1,2,7,ff,fe,267,1
370,370,0,0,2,37,1,1,00,0,ff,0,0,1,1,2,7,ff,fe,267,1
371,371,0,0,2,38,1,0,00,0,ff,0,0,1,1,2,7,ff,fe,268,1
372,372,0,0,2,38,0,0,00,1,ff,0,0,1,1,2,7,ff,fe,269,1
373,373,0,0,2,38,1,1,00,0,ff,0,0,1,1,2,7,ff,fe,269,1
374,374,0,0,2,39,1,0,00,0,ff,0,0,1,1,2,7,ff,fe,270,1
375,375,0,0,2,39,0,0,00,1,ff,0,0,1,1,2,7,ff,fe,271,1
376,376,0,0,2,39,1,1,00,0,ff,0,0,1,1,2,7,ff,fe,271,1
377,377,0,0,2,40,1,0,00,0,ff,0,0,1,1,2,7,ff,fe,272,1
378,378,0,0,2,40,0,0,00,1,ff,0,0,1,1,2,7,ff,fe,273,1
379,379,0,0,2,40,1,1,00,0,ff,0,0,1,1,2,7,ff,fe,273,1
380,380,0,0,2,41,1,0,00,0,ff,0,0,1,1,2,7,ff,fe,274,1
381,381,0,0,2,41,0,0,00,1,ff,0,0,1,1,2,7,ff,fe,275,1
382,382,0,0,2,41,1,1,00,0,ff,0,0,1,1,2,7,ff,fe,275,1
383,383,0,0,2,42,1,0,00,0,ff,0,0,1,1,2,7,ff,fe,276,1
384,384,0,0,2,42,0,0,00,1,ff,0,0,1,1,2,7,ff,fe,277,1
385,385,0,0,2,42,1,1,00,0,ff,0,0,1,1,2,7,ff,fe,277,1
386,386,0,0,2,43,1,0,00,0,ff,0,0,1,1,2,7,ff,fe,278,1
387,387,0,0,2,43,0,0,00,1,ff,0,0,1,1,2,7,ff,fe,279,1
388,388,0,0,2,43,1,1,00,0,ff,0,0,1,1,2,7,ff,fe,279,1
389,389,0,0,2,44,1,0,00,0,ff,0,0,1,1,2,7,ff,fe,280,1
390,390,0,0,2,44,0,0,00,1,ff,0,0,1,1,2,7,ff,fe,281,1
391,391,0,0,2,44,1,1,00,0,ff,0,0,1,1,2,7,ff,fe,281,1
392,392,0,0,2,45,1,0,00,0,ff,0,0,1,1,2,7,ff,fe,282,1
393,393,0,0,2,45,0,0,00,1,ff,0,0,1,1,2,7,ff,fe,283,1
394,394,0,0,2,45,1,1,00,0,ff,0,0,1,1,2,7,ff,fe,283,1
395,395,0,0,2,46,1,0,00,0,ff,0,0,1,1,2,7,ff,fe,284,1
396,396,0,0,2,46,0,0,00,1,ff,0,0,1,1,2,7,ff,fe,285,1
397,397,0,0,2,46,1,1,00,0,ff,0,0,1,1,2,7,ff,fe,285,1
398,398,0,0,2,47,1,0,00,0,ff,0,0,1,1,2,7,ff,fe,286,1
399,399,0,0,2,47,0,0,00,1,ff,0,0,1,1,2,7,ff,fe,287,1
400,400,0,0,2,47,1,1,00,0,ff,0,0,1,1,2,7,ff,fe,287,1
401,401,0,0,2,48,1,0,00,0,ff,0,0,1,1,2,7,ff,fe,288,1
402,402,0,0,2,48,0,0,00,1,ff,0,0,1,1,2,7,ff,fe,289,1
403,403,0,0,2,48,1,1,00,0,ff,0,0,1,1,2,7,ff,fe,289,1
404,404,0,0,2,49,1,0,00,0,ff,0,0,1,1,2,7,ff,fe,290,1
405,405,0,0,2,49,0,0,00,1,ff,0,0,1,1,2,7,ff,fe,291,1
406,406,0,0,2,49,1,1,00,0,ff,0,0,1,1,2,7,ff,fe,291,1
407,407,0,0,2,50,1,0,00,0,ff,0,0,1,1,2,7,ff,fe,292,1
408,408,0,0,2,50,0,0,00,1,ff,0,0,1,1,2,7,ff,fe,293,1
409,409,0,0,2,50,1,1,00,0,ff,0,0,1,1,2,7,ff,fe,293,1
410,410,0,0,2,51,1,0,00,0,ff,0,0,1,1,2,7,ff,fe,294,1
411,411,0,0,2,51,0,0,00,1,ff,0,0,1,1,2,7,ff,fe,295,1
412,412,0,0,2,51,1,1,00,0,ff,0,0,1,1,2,7,ff,fe,295,1
413,413,0,0,2,52,1,0,00,0,ff,0,0,1,1,2,7,ff,fe,296,1
414,414,0,0,2,52,0,0,00,1,ff,0,0,1,1,2,7,ff,fe,297,1
415,415,0,0,2,52,1,1,00,0,ff,0,0,1,1,2,7,ff,fe,297,1
416,416,0,0,2,53,1,0,00,0,ff,0,0,1,1,2,7,ff,fe,298,1
417,417,0,0,2,53,0,0,00,1,ff,0,0,1,1,2,7,ff,fe,299,1
418,418,0,0,2,53,1,1,00,0,ff,0,0,1,1,2,7,ff,fe,299,1
419,419,0,0,2,54,1,0,00,0,ff,0,0,1,1,2,7,ff,fe,300,1
420,420,0,0,2,54,0,0,00,1,ff,0,0,1,1,2,7,ff,fe,301,1
421,421,0,0,2,54,1,1,00,0,ff,0,0,1,1,2,7,ff,fe,301,1
422,422,0,0,2,55,1,0,00,0,ff,0,0,1,1,2,7,ff,fe,302,1
423,423,0,0,2,55,0,0,00,1,ff,0,0,1,1,2,7,ff,fe,303,1
424,424,0,0,2,55,1,1,00,0,ff,0,0,1,1,2,7,ff,fe,303,1
425,425,0,0,2,56,1,0,00,0,ff,0,0,1,1,2,7,ff,fe,304,1
426,426,0,0,2,56,0,0,00,1,ff,0,0,1,1,2,7,ff,fe,305,1
427,427,0,0,2,56,1,1,00,0,ff,0,0,1,1,2,7,ff,fe,305,1
428,428,0,0,2,57,1,0,00,0,ff,0,0,1,1,2,7,ff,fe,306,1
429,429,0,0,2,57,0,0,00,1,ff,0,0,1,1,2,7,ff,fe,307,1
430,430,0,0,2,57,1,1,00,0,ff,0,0,1,1,2,7,ff,fe,307,1
431,431,0,0,2,58,1,0,00,0,ff,0,0,1,1,2,7,ff,fe,308,1
432,432,0,0,2,58,0,0,00,1,ff,0,0,1,1,2,7,ff,fe,309,1
433,433,0,0,2,58,1,1,00,0,ff,0,0,1,1,2,7,ff,fe,309,1
434,434,0,0,2,59,1,0,00,0,ff,0,0,1,1,2,7,ff,fe,310,1
435,435,0,0,2,59,0,0,00,1,ff,0,0,1,1,2,7,ff,fe,311,1
436,436,0,0,2,59,1,1,00,0,ff,0,0,1,1,2,7,ff,fe,311,1
437,437,0,0,2,60,1,0,00,0,ff,0,0,1,1,2,7,ff,fe,312,1
438,438,0,0,2,60,0,0,00,1,ff,0,0,1,1,2,7,ff,fe,313,1
439,439,0,0,2,60,1,1,00,0,ff,0,0,1,1,2,7,ff,fe,313,1
440,440,0,0,2,61,1,0,00,0,ff,0,0,1,1,2,7,ff,fe,314,1
441,441,0,0,2,61,0,0,00,1,ff,0,0,1,1,2,7,ff,fe,315,1
442,442,0,0,2,61,1,1,00,0,ff,0,0,1,1,2,7,ff,fe,315,1
443,443,0,0,2,62,1,0,00,0,ff,0,0,1,1,2,7,ff,fe,316,1
444,444,0,0,2,62,0,0,00,1,ff,0,0,1,1,2,7,ff,fe,317,1
445,445,0,0,2,62,1,1,00,0,ff,0,0,1,1,2,7,ff,fe,317,1
446,446,0,0,2,63,1,0,00,0,ff,0,0,1,1,2,7,ff,fe,318,1
447,447,0,0,2,63,0,0,00,1,ff,0,0,1,1,2,7,ff,fe,319,1
448,448,0,0,2,63,1,1,00,0,ff,0,0,1,1,2,7,ff,fe,319,1
449,449,0,0,3,63,1,0,ff,0,ff,0,0,1,1,2,7,ff,fe,320,1
450,450,0,0,3,63,0,0,ff,1,00,0,0,1,1,2,7,ff,fe,321,1
451,451,0,0,3,63,1,1,ff,0,00,0,0,1,1,2,7,ff,fe,321,1
452,452,0,0,3,62,1,0,ff,0,00,0,0,1,1,2,7,ff,fe,322,1
453,453,0,0,3,62,0,0,ff,1,00,0,0,1,1,2,7,ff,fe,323,1
454,454,0,0,3,62,1,1,ff,0,00,0,0,1,1,2,7,ff,fe,323,1
455,455,0,0,3,61,1,0,ff,0,00,0,0,1,1,2,7,ff,fe,324,1
456,456,0,0,3,61,0,0,ff,1,00,0,0,1,1,2,7,ff,fe,325,1
457,457,0,0,3,61,1,1,ff,0,00,0,0,1,1,2,7,ff,fe,325,1
458,458,0,0,3,60,1,0,ff,0,00,0,0,1,1,2,7,ff,fe,326,1
459,459,0,0,3,60,0,0,ff,1,00,0,0,1,1,2,7,ff,fe,327,1
460,460,0,0,3,60,1,1,ff,0,00,0,0,1,1,2,7,ff,fe,327,1
461,461,0,0,3,59,1,0,ff,0,00,0,0,1,1,2,7,ff,fe,328,1
462,462,0,0,3,59,0,0,ff,1,00,0,0,1,1,2,7,ff,fe,329,1
463,463,0,0,3,59,1,1,ff,0,00,0,0,1,1,2,7,ff,fe,329,1
464,464,0,0,3,58,1,0,ff,0,00,0,0,1,1,2,7,ff,fe,330,1
465,465,0,0,3,58,0,0,ff,1,00,0,0,1,1,2,7,ff,fe,331,1
466,466,0,0,3,58,1,1,ff,0,00,0,0,1,1,2,7,ff,fe,331,1
467,467,0,0,3,57,1,0,ff,0,00,0,0,1,1,2,7,ff,fe,332,1
468,468,0,0,3,57,0,0,ff,1,00,0,0,1,1,2,7,ff,fe,333,1
469,469,0,0,3,57,1,1,ff,0,00,0,0,1,1,2,7,ff,fe,333,1
470,470,0,0,3,56,1,0,ff,0,00,0,0,1,1,2,7,ff,fe,334,1
471,471,0,0,3,56,0,0,ff,1,00,0,0,1,1,2,7,ff,fe,335,1
472,472,0,0,3,56,1,1,ff,0,00,0,0,1,1,2,7,ff,fe,335,1
473,473,0,0,3,55,1,0,ff,0,00,0,0,1,1,2,7,ff,fe,336,1
474,474,0,0,3,55,0,0,ff,1,00,0,0,1,1,2,7,ff,fe,337,1
475,475,0,0,3,55,1,1,ff,0,00,0,0,1,1,2,7,ff,fe,337,1
476,476,0,0,3,54,1,0,ff,0,00,0,0,1,1,2,7,ff,fe,338,1
477,477,0,0,3,54,0,0,ff,1,00,0,0,1,1,2,7,ff,fe,339,1
478,478,0,0,3,54,1,1,ff,0,00,0,0,1,1,2,7,ff,fe,339,1
479,479,0,0,3,53,1,0,ff,0,00,0,0,1,1,2,7,ff,fe,340,1
480,480,0,0,3,53,0,0,ff,1,00,0,0,1,1,2,7,ff,fe,341,1
481,481,0,0,3,53,1,1,ff,0,00,0,0,1,1,2,7,ff,fe,341,1
482,482,0,0,3,52,1,0,ff,0,00,0,0,1,1,2,7,ff,fe,342,1
483,483,0,0,3,52,0,0,ff,1,00,0,0,1,1,2,7,ff,fe,343,1
484,484,0,0,3,52,1,1,ff,0,00,0,0,1,1,2,7,ff,fe,343,1
485,485,0,0,3,51,1,0,ff,0,00,0,0,1,1,2,7,ff,fe,344,1
486,486,0,0,3,51,0,0,ff,1,00,0,0,1,1,2,7,ff,fe,345,1
487,487,0,0,3,51,1,1,ff,0,00,0,0,1,1,2,7,ff,fe,345,1
488,488,0,0,3,50,1,0,ff,0,00,0,0,1,1,2,7,ff,fe,346,1
489,489,0,0,3,50,0,0,ff,1,00,0,0,1,1,2,7,ff,fe,347,1
490,490,0,0,3,50,1,1,ff,0,00,0,0,1,1,2,7,ff,fe,347,1
491,491,0,0,3,49,1,0,ff,0,00,0,0,1,1,2,7,ff,fe,348,1
492,492,0,0,3,49,0,0,ff,1,00,0,0,1,1,2,7,ff,fe,349,1
493,493,0,0,3,49,1,1,ff,0,00,0,0,1,1,2,7,ff,fe,349,1
494,494,0,0,3,48,1,0,ff,0,00,0,0,1,1,2,7,ff,fe,350,1
495,495,0,0,3,48,0,0,ff,1,00,0,0,1,1,2,7,ff,fe,351,1
496,496,0,0,3,48,1,1,ff,0,00,0,0,1,1,2,7,ff,fe,351,1
497,497,0,0,3,47,1,0,ff,0,00,0,0,1,1,2,7,ff,fe,352,1
498,498,0,0,3,47,0,0,ff,1,00,0,0,1,1,2,7,ff,fe,353,1
499,499,0,0,3,47,1,1,ff,0,00,0,0,1,1,2,7,ff,fe,353,1
500,500,0,0,3,46,1,0,ff,0,00,0,0,1,1,2,7,ff,fe,354,1
501,501,0,0,3,46,0,0,ff,1,00,0,0,1,1,2,7,ff,fe,355,1
502,502,0,0,3,46,1,1,ff,0,00,0,0,1,1,2,7,ff,fe,355,1
503,503,0,0,3,45,1,0,ff,0,00,0,0,1,1,2,7,ff,fe,356,1
504,504,0,0,3,45,0,0,ff,1,00,0,0,1,1,2,7,ff,fe,357,1
505,505,0,0,3,45,1,1,ff,0,00,0,0,1,1,2,7,ff,fe,357,1
506,506,0,0,3,44,1,0,ff,0,00,0,0,1,1,2,7,ff,fe,358,1
507,507,0,0,3,44,0,0,ff,1,00,0,0,1,1,2,7,ff,fe,359,1
508,508,0,0,3,44,1,1,ff,0,00,0,0,1,1,2,7,ff,fe,359,1
509,509,0,0,3,43,1,0,ff,0,00,0,0,1,1,2,7,ff,fe,360,1
510,510,0,0,3,43,0,0,ff,1,00,0,0,1,1,2,7,ff,fe,361,1
511,511,0,0,3,43,1,1,ff,0,00,0,0,1,1,2,7,ff,fe,361,1
512,512,0,0,3,42,1,0,ff,0,00,0,0,1,1,2,7,ff,fe,362,1
513,513,0,0,3,42,0,0,ff,1,00,0,0,1,1,2,7,ff,fe,363,1
514,514,0,0,3,42,1,1,ff,0,00,0,0,1,1,2,7,ff,fe,363,1
515,515,0,0,3,41,1,0,ff,0,00,0,0,1,1,2,7,ff,fe,364,1
516,516,0,0,3,41,0,0,ff,1,00,0,0,1,1,2,7,ff,fe,365,1
517,517,0,0,3,41,1,1,ff,0,00,0,0,1,1,2,7,ff,fe,365,1
518,518,0,0,3,40,1,0,ff,0,00,0,0,1,1,2,7,ff,fe,366,1
519,519,0,0,3,40,0,0,ff,1,00,0,0,1,1,2,7,ff,fe,367,1
520,520,0,0,3,40,1,1,ff,0,00,0,0,1,1,2,7,ff,fe,367,1
521,521,0,0,3,39,1,0,ff,0,00,0,0,1,1,2,7,ff,fe,368,1
522,522,0,0,3,39,0,0,ff,1,00,0,0,1,1,2,7,ff,fe,369,1
523,523,0,0,3,39,1,1,ff,0,00,0,0,1,1,2,7,ff,fe,369,1
524,524,0,0,3,38,1,0,ff,0,00,0,0,1,1,2,7,ff,fe,370,1
525,525,0,0,3,38,0,0,ff,1,00,0,0,1,1,2,7,ff,fe,371,1
526,526,0,0,3,38,1,1,ff,0,00,0,0,1,1,2,7,ff,fe,371,1
527,527,0,0,3,37,1,0,ff,0,00,0,0,1,1,2,7,ff,fe,372,1
528,528,0,0,3,37,0,0,ff,1,00,0,0,1,1,2,7,ff,fe,373,1
529,529,0,0,3,37,1,1,ff,0,00,0,0,1,1,2,7,ff,fe,373,1
530,530,0,0,3,36,1,0,ff,0,00,0,0,1,1,2,7,ff,fe,374,1
531,531,0,0,3,36,0,0,ff,1,00,0,0,1,1,2,7,ff,fe,375,1
532,532,0,0,3,36,1,1,ff,0,00,0,0,1,1,2,7,ff,fe,375,1
533,533,0,0,3,35,1,0,ff,0,00,0,0,1,1,2,7,ff,fe,376,1
534,534,0,0,3,35,0,0,ff,1,00,0,0,1,1,2,7,ff,fe,377,1
535,535,0,0,3,35,1,1,ff,0,00,0,0,1,1,2,7,ff,fe,377,1
536,536,0,0,3,34,1,0,ff,0,00,0,0,1,1,2,7,ff,fe,378,1
537,537,0,0,3,34,0,0,ff,1,00,0,0,1,1,2,7,ff,fe,379,1
538,538,0,0,3,34,1,1,ff,0,00,0,0,1,1,2,7,ff,fe,379,1
539,539,0,0,3,33,1,0,ff,0,00,0,0,1,1,2,7,ff,fe,380,1
540,540,0,0,3,33,0,0,ff,1,00,0,0,1,1,2,7,ff,fe,381,1
541,541,0,0,3,33,1,1,ff,0,00,0,0,1,1,2,7,ff,fe,381,1
542,542,0,0,3,32,1,0,ff,0,00,0,0,1,1,2,7,ff,fe,382,1
543,543,0,0,3,32,0,0,ff,1,00,0,0,1,1,2,7,ff,fe,383,1
544,544,0,0,3,32,1,1,ff,0,00,0,0,1,1,2,7,ff,fe,383,1
545,545,0,0,3,31,1,0,ff,0,00,0,0,1,1,2,7,ff,fe,384,1
546,546,0,0,3,31,0,0,ff,1,00,0,0,1,1,2,7,ff,fe,385,1
547,547,0,0,3,31,1,1,ff,0,00,0,0,1,1,2,7,ff,fe,385,1
548,548,0,0,3,30,1,0,ff,0,00,0,0,1,1,2,7,ff,fe,386,1
549,549,0,0,3,30,0,0,ff,1,00,0,0,1,1,2,7,ff,fe,387,1
550,550,0,0,3,30,1,1,ff,0,00,0,0,1,1,2,7,ff,fe,387,1
551,551,0,0,3,29,1,0,ff,0,00,0,0,1,1,2,7,ff,fe,388,1
552,552,0,0,3,29,0,0,ff,1,00,0,0,1,1,2,7,ff,fe,389,1
553,553,0,0,3,29,1,1,ff,0,00,0,0,1,1,2,7,ff,fe,389,1
554,554,0,0,3,28,1,0,ff,0,00,0,0,1,1,2,7,ff,fe,390,1
555,555,0,0,3,28,0,0,ff,1,00,0,0,1,1,2,7,ff,fe,391,1
556,556,0,0,3,28,1,1,ff,0,00,0,0,1,1,2,7,ff,fe,391,1
557,557,0,0,3,27,1,0,ff,0,00,0,0,1,1,2,7,ff,fe,392,1
558,558,0,0,3,27,0,0,ff,1,00,0,0,1,1,2,7,ff,fe,393,1
559,559,0,0,3,27,1,1,ff,0,00,0,0,1,1,2,7,ff,fe,393,1
560,560,0,0,3,26,1,0,ff,0,00,0,0,1,1,2,7,ff,fe,394,1
561,561,0,0,3,26,0,0,ff,1,00,0,0,1,1,2,7,ff,fe,395,1
562,562,0,0,3,26,1,1,ff,0,00,0,0,1,1,2,7,ff,fe,395,1
563,563,0,0,3,25,1,0,ff,0,00,0,0,1,1,2,7,ff,fe,396,1
564,564,0,0,3,25,0,0,ff,1,00,0,0,1,1,2,7,ff,fe,397,1
565,565,0,0,3,25,1,1,ff,0,00,0,0,1,1,2,7,ff,fe,397,1
566,566,0,0,3,24,1,0,ff,0,00,0,0,1,1,2,7,ff,fe,398,1
567,567,0,0,3,24,0,0,ff,1,00,0,0,1,1,2,7,ff,fe,399,1
568,568,0,0,3,24,1,1,ff,0,00,0,0,1,1,2,7,ff,fe,399,1
569,569,0,0,3,23,1,0,ff,0,00,0,0,1,1,2,7,ff,fe,400,1
570,570,0,0,3,23,0,0,ff,1,00,0,0,1,1,2,7,ff,fe,401,1
571,571,0,0,3,23,1,1,ff,0,00,0,0,1,1,2,7,ff,fe,401,1
572,572,0,0,3,22,1,0,ff,0,00,0,0,1,1,2,7,ff,fe,402,1
573,573,0,0,3,22,0,0,ff,1,00,0,0,1,1,2,7,ff,fe,403,1
574,574,0,0,3,22,1,1,ff,0,00,0,0,1,1,2,7,ff,fe,403,1
575,575,0,0,3,21,1,0,ff,0,00,0,0,1,1,2,7,ff,fe,404,1
576,576,0,0,3,21,0,0,ff,1,00,0,0,1,1,2,7,ff,fe,405,1
577,577,0,0,3,21,1,1,ff,0,00,0,0,1,1,2,7,ff,fe,405,1
578,578,0,0,3,20,1,0,ff,0,00,0,0,1,1,2,7,ff,fe,406,1
579,579,0,0,3,20,0,0,ff,1,00,0,0,1,1,2,7,ff,fe,407,1
580,580,0,0,3,20,1,1,ff,0,00,0,0,1,1,2,7,ff,fe,407,1
581,581,0,0,3,19,1,0,ff,0,00,0,0,1,1,2,7,ff,fe,408,1
582,582,0,0,3,19,0,0,ff,1,00,0,0,1,1,2,7,ff,fe,409,1
583,583,0,0,3,19,1,1,ff,0,00,0,0,1,1,2,7,ff,fe,409,1
584,584,0,0,3,18,1,0,ff,0,00,0,0,1,1,2,7,ff,fe,410,1
585,585,0,0,3,18,0,0,ff,1,00,0,0,1,1,2,7,ff,fe,411,1
586,586,0,0,3,18,1,1,ff,0,00,0,0,1,1,2,7,ff,fe,411,1
587,587,0,0,3,17,1,0,ff,0,00,0,0,1,1,2,7,ff,fe,412,1
588,588,0,0,3,17,0,0,ff,1,00,0,0,1,1,2,7,ff,fe,413,1
589,589,0,0,3,17,1,1,ff,0,00,0,0,1,1,2,7,ff,fe,413,1
590,590,0,0,3,16,1,0,ff,0,00,0,0,1,1,2,7,ff,fe,414,1
591,591,0,0,3,16,0,0,ff,1,00,0,0,1,1,2,7,ff,fe,415,1
592,592,0,0,3,16,1,1,ff,0,00,0,0,1,1,2,7,ff,fe,415,1
593,593,0,0,3,15,1,0,ff,0,00,0,0,1,1,2,7,ff,fe,416,1
594,594,0,0,3,15,0,0,ff,1,00,0,0,1,1,2,7,ff,fe,417,1
595,595,0,0,3,15,1,1,ff,0,00,0,0,1,1,2,7,ff,fe,417,1
596,596,0,0,3,14,1,0,ff,0,00,0,0,1,1,2,7,ff,fe,418,1
597,597,0,0,3,14,0,0,ff,1,00,0,0,1,1,2,7,ff,fe,419,1
598,598,0,0,3,14,1,1,ff,0,00,0,0,1,1,2,7,ff,fe,419,1
599,599,0,0,3,13,1,0,ff,0,00,0,0,1,1,2,7,ff,fe,420,1
600,600,0,0,3,13,0,0,ff,1,00,0,0,1,1,2,7,ff,fe,421,1
601,601,0,0,3,13,1,1,ff,0,00,0,0,1,1,2,7,ff,fe,421,1
602,602,0,0,3,12,1,0,ff,0,00,0,0,1,1,2,7,ff,fe,422,1
603,603,0,0,3,12,0,0,ff,1,00,0,0,1,1,2,7,ff,fe,423,1
604,604,0,0,3,12,1,1,ff,0,00,0,0,1,1,2,7,ff,fe,423,1
605,605,0,0,3,11,1,0,ff,0,00,0,0,1,1,2,7,ff,fe,424,1
606,606,0,0,3,11,0,0,ff,1,00,0,0,1,1,2,7,ff,fe,425,1
607,607,0,0,3,11,1,1,ff,0,00,0,0,1,1,2,7,ff,fe,425,1
608,608,0,0,3,10,1,0,ff,0,00,0,0,1,1,2,7,ff,fe,426,1
609,609,0,0,3,10,0,0,ff,1,00,0,0,1,1,2,7,ff,fe,427,1
610,610,0,0,3,10,1,1,ff,0,00,0,0,1,1,2,7,ff,fe,427,1
611,611,0,0,3,9,1,0,ff,0,00,0,0,1,1,2,7,ff,fe,428,1
612,612,0,0,3,9,0,0,ff,1,00,0,0,1,1,2,7,ff,fe,429,1
613,613,0,0,3,9,1,1,ff,0,00,0,0,1,1,2,7,ff,fe,429,1
614,614,0,0,3,8,1,0,ff,0,00,0,0,1,1,2,7,ff,fe,430,1
615,615,0,0,3,8,0,0,ff,1,00,0,0,1,1,2,7,ff,fe,431,1
616,616,0,0,3,8,1,1,ff,0,00,0,0,1,1,2,7,ff,fe,431,1
617,617,0,0,3,7,1,0,ff,0,00,0,0,1,1,2,7,ff,fe,432,1
618,618,0,0,3,7,0,0,ff,1,00,0,0,1,1,2,7,ff,fe,433,1
619,619,0,0,3,7,1,1,ff,0,00,0,0,1,1,2,7,ff,fe,433,1
620,620,0,0,3,6,1,0,ff,0,00,0,0,1,1,2,7,ff,fe,434,1
621,621,0,0,3,6,0,0,ff,1,00,0,0,1,1,2,7,ff,fe,435,1
622,622,0,0,3,6,1,1,ff,0,00,0,0,1,1,2,7,ff,fe,435,1
623,623,0,0,3,5,1,0,ff,0,00,0,0,1,1,2,7,ff,fe,436,1
624,624,0,0,3,5,0,0,ff,1,00,0,0,1,1,2,7,ff,fe,437,1
625,625,0,0,3,5,1,1,ff,0,00,0,0,1,1,2,7,ff,fe,437,1
626,626,0,0,3,4,1,0,ff,0,00,0,0,1,1,2,7,ff,fe,438,1
627,627,0,0,3,4,0,0,ff,1,00,0,0,1,1,2,7,ff,fe,439,1
628,628,0,0,3,4,1,1,ff,0,00,0,0,1,1,2,7,ff,fe,439,1
629,629,0,0,3,3,1,0,ff,0,00,0,0,1,1,2,7,ff,fe,440,1
630,630,0,0,3,3,0,0,ff,1,00,0,0,1,1,2,7,ff,fe,441,1
631,631,0,0,3,3,1,1,ff,0,00,0,0,1,1,2,7,ff,fe,441,1
632,632,0,0,3,2,1,0,ff,0,00,0,0,1,1,2,7,ff,fe,442,1
633,633,0,0,3,2,0,0,ff,1,00,0,0,1,1,2,7,ff,fe,443,1
634,634,0,0,3,2,1,1,ff,0,00,0,0,1,1,2,7,ff,fe,443,1
635,635,0,0,3,1,1,0,ff,0,00,0,0,1,1,2,7,ff,fe,444,1
636,636,0,0,3,1,0,0,ff,1,00,0,0,1,1,2,7,ff,fe,445,1
637,637,0,0,3,1,1,1,ff,0,00,0,0,1,1,2,7,ff,fe,445,1
638,638,0,0,3,0,1,0,ff,0,00,0,0,1,1,2,7,ff,fe,446,1
639,639,0,0,3,0,0,0,ff,1,00,0,0,1,1,2,7,ff,fe,447,1
640,640,0,0,3,0,1,1,ff,0,00,0,0,1,1,2,7,ff,fe,447,1
641,641,0,0,4,63,1,0,00,0,00,0,0,1,1,2,7,ff,fe,448,1
642,642,0,0,4,63,0,0,00,1,ff,0,0,1,1,2,7,ff,fe,449,1
643,643,0,0,4,63,1,1,00,0,ff,0,0,1,1,2,7,ff,fe,449,1
644,644,0,0,4,62,1,0,00,0,ff,0,0,1,1,2,7,ff,fe,450,1
645,645,0,0,4,62,0,0,00,1,ff,0,0,1,1,2,7,ff,fe,451,1
646,646,0,0,4,62,1,1,00,0,ff,0,0,1,1,2,7,ff,fe,451,1
647,647,0,0,4,61,1,0,00,0,ff,0,0,1,1,2,7,ff,fe,452,1
648,648,0,0,4,61,0,0,00,1,ff,0,0,1,1,2,7,ff,fe,453,1
649,649,0,0,4,61,1,1,00,0,ff,0,0,1,1,2,7,ff,fe,453,1
650,650,0,0,4,60,1,0,00,0,ff,0,0,1,1,2,7,ff,fe,454,1
651,651,0,0,4,60,0,0,00,1,ff,0,0,1,1,2,7,ff,fe,455,1
652,652,0,0,4,60,1,1,00,0,ff,0,0,1,1,2,7,ff,fe,455,1
653,653,0,0,4,59,1,0,00,0,ff,0,0,1,1,2,7,ff,fe,456,1
654,654,0,0,4,59,0,0,00,1,ff,0,0,1,1,2,7,ff,fe,457,1
655,655,0,0,4,59,1,1,00,0,ff,0,0,1,1,2,7,ff,fe,457,1
656,656,0,0,4,58,1,0,00,0,ff,0,0,1,1,2,7,ff,fe,458,1
657,657,0,0,4,58,0,0,00,1,ff,0,0,1,1,2,7,ff,fe,459,1
658,658,0,0,4,58,1,1,00,0,ff,0,0,1,1,2,7,ff,fe,459,1
659,659,0,0,4,57,1,0,00,0,ff,0,0,1,1,2,7,ff,fe,460,1
660,660,0,0,4,57,0,0,00,1,ff,0,0,1,1,2,7,ff,fe,461,1
661,661,0,0,4,57,1,1,00,0,ff,0,0,1,1,2,7,ff,fe,461,1
662,662,0,0,4,56,1,0,00,0,ff,0,0,1,1,2,7,ff,fe,462,1
663,663,0,0,4,56,0,0,00,1,ff,0,0,1,1,2,7,ff,fe,463,1
664,664,0,0,4,56,1,1,00,0,ff,0,0,1,1,2,7,ff,fe,463,1
665,665,0,0,4,55,1,0,00,0,ff,0,0,1,1,2,7,ff,fe,464,1
666,666,0,0,4,55,0,0,00,1,ff,0,0,1,1,2,7,ff,fe,465,1
667,667,0,0,4,55,1,1,00,0,ff,0,0,1,1,2,7,ff,fe,465,1
668,668,0,0,4,54,1,0,00,0,ff,0,0,1,1,2,7,ff,fe,466,1
669,669,0,0,4,54,0,0,00,1,ff,0,0,1,1,2,7,ff,fe,467,1
670,670,0,0,4,54,1,1,00,0,ff,0,0,1,1,2,7,ff,fe,467,1
671,671,0,0,4,53,1,0,00,0,ff,0,0,1,1,2,7,ff,fe,468,1
672,672,0,0,4,53,0,0,00,1,ff,0,0,1,1,2,7,ff,fe,469,1
673,673,0,0,4,53,1,1,00,0,ff,0,0,1,1,2,7,ff,fe,469,1
674,674,0,0,4,52,1,0,00,0,ff,0,0,1,1,2,7,ff,fe,470,1
675,675,0,0,4,52,0,0,00,1,ff,0,0,1,1,2,7,ff,fe,471,1
676,676,0,0,4,52,1,1,00,0,ff,0,0,1,1,2,7,ff,fe,471,1
677,677,0,0,4,51,1,0,00,0,ff,0,0,1,1,2,7,ff,fe,472,1
678,678,0,0,4,51,0,0,00,1,ff,0,0,1,1,2,7,ff,fe,473,1
679,679,0,0,4,51,1,1,00,0,ff,0,0,1,1,2,7,ff,fe,473,1
680,680,0,0,4,50,1,0,00,0,ff,0,0,1,1,2,7,ff,fe,474,1
681,681,0,0,4,50,0,0,00,1,ff,0,0,1,1,2,7,ff,fe,475,1
682,682,0,0,4,50,1,1,00,0,ff,0,0,1,1,2,7,ff,fe,475,1
683,683,0,0,4,49,1,0,00,0,ff,0,0,1,1,2,7,ff,fe,476,1
684,684,0,0,4,49,0,0,00,1,ff,0,0,1,1,2,7,ff,fe,477,1
685,685,0,0,4,49,1,1,00,0,ff,0,0,1,1,2,7,ff,fe,477,1
686,686,0,0,4,48,1,0,00,0,ff,0,0,1,1,2,7,ff,fe,478,1
687,687,0,0,4,48,0,0,00,1,ff,0,0,1,1,2,7,ff,fe,479,1
688,688,0,0,4,48,1,1,00,0,ff,0,0,1,1,2,7,ff,fe,479,1
689,689,0,0,4,47,1,0,00,0,ff,0,0,1,1,2,7,ff,fe,480,1
690,690,0,0,4,47,0,0,00,1,ff,0,0,1,1,2,7,ff,fe,481,1
691,691,0,0,4,47,1,1,00,0,ff,0,0,1,1,2,7,ff,fe,481,1
692,692,0,0,4,46,1,0,00,0,ff,0,0,1,1,2,7,ff,fe,482,1
693,693,0,0,4,46,0,0,00,1,ff,0,0,1,1,2,7,ff,fe,483,1
694,694,0,0,4,46,1,1,00,0,ff,0,0,1,1,2,7,ff,fe,483,1
695,695,0,0,4,45,1,0,00,0,ff,0,0,1,1,2,7,ff,fe,484,1
696,696,0,0,4,45,0,0,00,1,ff,0,0,1,1,2,7,ff,fe,485,1
697,697,0,0,4,45,1,1,00,0,ff,0,0,1,1,2,7,ff,fe,485,1
698,698,0,0,4,44,1,0,00,0,ff,0,0,1,1,2,7,ff,fe,486,1
699,699,0,0,4,44,0,0,00,1,ff,0,0,1,1,2,7,ff,fe,487,1
700,700,0,0,4,44,1,1,00,0,ff,0,0,1,1,2,7,ff,fe,487,1
701,701,0,0,4,43,1,0,00,0,ff,0,0,1,1,2,7,ff,fe,488,1
702,702,0,0,4,43,0,0,00,1,ff,0,0,1,1,2,7,ff,fe,489,1
703,703,0,0,4,43,1,1,00,0,ff,0,0,1,1,2,7,ff,fe,489,1
704,704,0,0,4,42,1,0,00,0,ff,0,0,1,1,2,7,ff,fe,490,1
705,705,0,0,4,42,0,0,00,1,ff,0,0,1,1,2,7,ff,fe,491,1
706,706,0,0,4,42,1,1,00,0,ff,0,0,1,1,2,7,ff,fe,491,1
707,707,0,0,4,41,1,0,00,0,ff,0,0,1,1,2,7,ff,fe,492,1
708,708,0,0,4,41,0,0,00,1,ff,0,0,1,1,2,7,ff,fe,493,1
709,709,0,0,4,41,1,1,00,0,ff,0,0,1,1,2,7,ff,fe,493,1
710,710,0,0,4,40,1,0,00,0,ff,0,0,1,1,2,7,ff,fe,494,1
711,711,0,0,4,40,0,0,00,1,ff,0,0,1,1,2,7,ff,fe,495,1
712,712,0,0,4,40,1,1,00,0,ff,0,0,1,1,2,7,ff,fe,495,1
713,713,0,0,4,39,1,0,00,0,ff,0,0,1,1,2,7,ff,fe,496,1
714,714,0,0,4,39,0,0,00,1,ff,0,0,1,1,2,7,ff,fe,497,1
715,715,0,0,4,39,1,1,00,0,ff,0,0,1,1,2,7,ff,fe,497,1
716,716,0,0,4,38,1,0,00,0,ff,0,0,1,1,2,7,ff,fe,498,1
717,717,0,0,4,38,0,0,00,1,ff,0,0,1,1,2,7,ff,fe,499,1
718,718,0,0,4,38,1,1,00,0,ff,0,0,1,1,2,7,ff,fe,499,1
719,719,0,0,4,37,1,0,00,0,ff,0,0,1,1,2,7,ff,fe,500,1
720,720,0,0,4,37,0,0,00,1,ff,0,0,1,1,2,7,ff,fe,501,1
721,721,0,0,4,37,1,1,00,0,ff,0,0,1,1,2,7,ff,fe,501,1
722,722,0,0,4,36,1,0,00,0,ff,0,0,1,1,2,7,ff,fe,502,1
723,723,0,0,4,36,0,0,00,1,ff,0,0,1,1,2,7,ff,fe,503,1
724,724,0,0,4,36,1,1,00,0,ff,0,0,1,1,2,7,ff,fe,503,1
725,725,0,0,4,35,1,0,00,0,ff,0,0,1,1,2,7,ff,fe,504,1
726,726,0,0,4,35,0,0,00,1,ff,0,0,1,1,2,7,ff,fe,505,1
727,727,0,0,4,35,1,1,00,0,ff,0,0,1,1,2,7,ff,fe,505,1
728,728,0,0,4,34,1,0,00,0,ff,0,0,1,1,2,7,ff,fe,506,1
729,729,0,0,4,34,0,0,00,1,ff,0,0,1,1,2,7,ff,fe,507,1
730,730,0,0,4,34,1,1,00,0,ff,0,0,1,1,2,7,ff,fe,507,1
731,731,0,0,4,33,1,0,00,0,ff,0,0,1,1,2,7,ff,fe,508,1
732,732,0,0,4,33,0,0,00,1,ff,0,0,1,1,2,7,ff,fe,509,1
733,733,0,0,4,33,1,1,00,0,ff,0,0,1,1,2,7,ff,fe,509,1
734,734,0,0,4,32,1,0,00,0,ff,0,0,1,1,2,7,ff,fe,510,1
735,735,0,0,4,32,0,0,00,1,ff,0,0,1,1,2,7,ff,fe,511,1
736,736,0,0,4,32,1,1,00,0,ff,0,0,1,1,2,7,ff,fe,511,1
737,737,0,0,4,31,1,0,00,0,ff,0,0,1,1,2,7,ff,fe,512,1
738,738,0,0,4,31,0,0,00,1,ff,0,0,1,1,2,7,ff,fe,513,1
739,739,0,0,4,31,1,1,00,0,ff,0,0,1,1,2,7,ff,fe,513,1
740,740,0,0,4,30,1,0,00,0,ff,0,0,1,1,2,7,ff,fe,514,1
741,741,0,0,4,30,0,0,00,1,ff,0,0,1,1,2,7,ff,fe,515,1
742,742,0,0,4,30,1,1,00,0,ff,0,0,1,1,2,7,ff,fe,515,1
743,743,0,0,4,29,1,0,00,0,ff,0,0,1,1,2,7,ff,fe,516,1
744,744,0,0,4,29,0,0,00,1,ff,0,0,1,1,2,7,ff,fe,517,1
745,745,0,0,4,29,1,1,00,0,ff,0,0,1,1,2,7,ff,fe,517,1
746,746,0,0,4,28,1,0,00,0,ff,0,0,1,1,2,7,ff,fe,518,1
747,747,0,0,4,28,0,0,00,1,ff,0,0,1,1,2,7,ff,fe,519,1
748,748,0,0,4,28,1,1,00,0,ff,0,0,1,1,2,7,ff,fe,519,1
749,749,0,0,4,27,1,0,00,0,ff,0,0,1,1,2,7,ff,fe,520,1
750,750,0,0,4,27,0,0,00,1,ff,0,0,1,1,2,7,ff,fe,521,1
751,751,0,0,4,27,1,1,00,0,ff,0,0,1,1,2,7,ff,fe,521,1
752,752,0,0,4,26,1,0,00,0,ff,0,0,1,1,2,7,ff,fe,522,1
753,753,0,0,4,26,0,0,00,1,ff,0,0,1,1,2,7,ff,fe,523,1
754,754,0,0,4,26,1,1,00,0,ff,0,0,1,1,2,7,ff,fe,523,1
755,755,0,0,4,25,1,0,00,0,ff,0,0,1,1,2,7,ff,fe,524,1
756,756,0,0,4,25,0,0,00,1,ff,0,0,1,1,2,7,ff,fe,525,1
757,757,0,0,4,25,1,1,00,0,ff,0,0,1,1,2,7,ff,fe,525,1
758,758,0,0,4,24,1,0,00,0,ff,0,0,1,1,2,7,ff,fe,526,1
759,759,0,0,4,24,0,0,00,1,ff,0,0,1,1,2,7,ff,fe,527,1
760,760,0,0,4,24,1,1,00,0,ff,0,0,1,1,2,7,ff,fe,527,1
761,761,0,0,4,23,1,0,00,0,ff,0,0,1,1,2,7,ff,fe,528,1
762,762,0,0,4,23,0,0,00,1,ff,0,0,1,1,2,7,ff,fe,529,1
763,763,0,0,4,23,1,1,00,0,ff,0,0,1,1,2,7,ff,fe,529,1
764,764,0,0,4,22,1,0,00,0,ff,0,0,1,1,2,7,ff,fe,530,1
765,765,0,0,4,22,0,0,00,1,ff,0,0,1,1,2,7,ff,fe,531,1
766,766,0,0,4,22,1,1,00,0,ff,0,0,1,1,2,7,ff,fe,531,1
767,767,0,0,4,21,1,0,00,0,ff,0,0,1,1,2,7,ff,fe,532,1
768,768,0,0,4,21,0,0,00,1,ff,0,0,1,1,2,7,ff,fe,533,1
769,769,0,0,4,21,1,1,00,0,ff,0,0,1,1,2,7,ff,fe,533,1
770,770,0,0,4,20,1,0,00,0,ff,0,0,1,1,2,7,ff,fe,534,1
771,771,0,0,4,20,0,0,00,1,ff,0,0,1,1,2,7,ff,fe,535,1
772,772,0,0,4,20,1,1,00,0,ff,0,0,1,1,2,7,ff,fe,535,1
773,773,0,0,4,19,1,0,00,0,ff,0,0,1,1,2,7,ff,fe,536,1
774,774,0,0,4,19,0,0,00,1,ff,0,0,1,1,2,7,ff,fe,537,1
775,775,0,0,4,19,1,1,00,0,ff,0,0,1,1,2,7,ff,fe,537,1
776,776,0,0,4,18,1,0,00,0,ff,0,0,1,1,2,7,ff,fe,538,1
777,777,0,0,4,18,0,0,00,1,ff,0,0,1,1,2,7,ff,fe,539,1
778,778,0,0,4,18,1,1,00,0,ff,0,0,1,1,2,7,ff,fe,539,1
779,779,0,0,4,17,1,0,00,0,ff,0,0,1,1,2,7,ff,fe,540,1
780,780,0,0,4,17,0,0,00,1,ff,0,0,1,1,2,7,ff,fe,541,1
781,781,0,0,4,17,1,1,00,0,ff,0,0,1,1,2,7,ff,fe,541,1
782,782,0,0,4,16,1,0,00,0,ff,0,0,1,1,2,7,ff,fe,542,1
783,783,0,0,4,16,0,0,00,1,ff,0,0,1,1,2,7,ff,fe,543,1
784,784,0,0,4,16,1,1,00,0,ff,0,0,1,1,2,7,ff,fe,543,1
785,785,0,0,4,15,1,0,00,0,ff,0,0,1,1,2,7,ff,fe,544,1
786,786,0,0,4,15,0,0,00,1,ff,0,0,1,1,2,7,ff,fe,545,1
787,787,0,0,4,15,1,1,00,0,ff,0,0,1,1,2,7,ff,fe,545,1
788,788,0,0,4,14,1,0,00,0,ff,0,0,1,1,2,7,ff,fe,546,1
789,789,0,0,4,14,0,0,00,1,ff,0,0,1,1,2,7,ff,fe,547,1
790,790,0,0,4,14,1,1,00,0,ff,0,0,1,1,2,7,ff,fe,547,1
791,791,0,0,4,13,1,0,00,0,ff,0,0,1,1,2,7,ff,fe,548,1
792,792,0,0,4,13,0,0,00,1,ff,0,0,1,1,2,7,ff,fe,549,1
793,793,0,0,4,13,1,1,00,0,ff,0,0,1,1,2,7,ff,fe,549,1
794,794,0,0,4,12,1,0,00,0,ff,0,0,1,1,2,7,ff,fe,550,1
795,795,0,0,4,12,0,0,00,1,ff,0,0,1,1,2,7,ff,fe,551,1
796,796,0,0,4,12,1,1,00,0,ff,0,0,1,1,2,7,ff,fe,551,1
797,797,0,0,4,11,1,0,00,0,ff,0,0,1,1,2,7,ff,fe,552,1
798,798,0,0,4,11,0,0,00,1,ff,0,0,1,1,2,7,ff,fe,553,1
799,799,0,0,4,11,1,1,00,0,ff,0,0,1,1,2,7,ff,fe,553,1
800,800,0,0,4,10,1,0,00,0,ff,0,0,1,1,2,7,ff,fe,554,1
801,801,0,0,4,10,0,0,00,1,ff,0,0,1,1,2,7,ff,fe,555,1
802,802,0,0,4,10,1,1,00,0,ff,0,0,1,1,2,7,ff,fe,555,1
803,803,0,0,4,9,1,0,00,0,ff,0,0,1,1,2,7,ff,fe,556,1
804,804,0,0,4,9,0,0,00,1,ff,0,0,1,1,2,7,ff,fe,557,1
805,805,0,0,4,9,1,1,00,0,ff,0,0,1,1,2,7,ff,fe,557,1
806,806,0,0,4,8,1,0,00,0,ff,0,0,1,1,2,7,ff,fe,558,1
807,807,0,0,4,8,0,0,00,1,ff,0,0,1,1,2,7,ff,fe,559,1
808,808,0,0,4,8,1,1,00,0,ff,0,0,1,1,2,7,ff,fe,559,1
809,809,0,0,4,7,1,0,00,0,ff,0,0,1,1,2,7,ff,fe,560,1
810,810,0,0,4,7,0,0,00,1,ff,0,0,1,1,2,7,ff,fe,561,1
811,811,0,0,4,7,1,1,00,0,ff,0,0,1,1,2,7,ff,fe,561,1
812,812,0,0,4,6,1,0,00,0,ff,0,0,1,1,2,7,ff,fe,562,1
813,813,0,0,4,6,0,0,00,1,ff,0,0,1,1,2,7,ff,fe,563,1
814,814,0,0,4,6,1,1,00,0,ff,0,0,1,1,2,7,ff,fe,563,1
815,815,0,0,4,5,1,0,00,0,ff,0,0,1,1,2,7,ff,fe,564,1
816,816,0,0,4,5,0,0,00,1,ff,0,0,1,1,2,7,ff,fe,565,1
817,817,0,0,4,5,1,1,00,0,ff,0,0,1,1,2,7,ff,fe,565,1
818,818,0,0,4,4,1,0,00,0,ff,0,0,1,1,2,7,ff,fe,566,1
819,819,0,0,4,4,0,0,00,1,ff,0,0,1,1,2,7,ff,fe,567,1
820,820,0,0,4,4,1,1,00,0,ff,0,0,1,1,2,7,ff,fe,567,1
821,821,0,0,4,3,1,0,00,0,ff,0,0,1,1,2,7,ff,fe,568,1
822,822,0,0,4,3,0,0,00,1,ff,0,0,1,1,2,7,ff,fe,569,1
823,823,0,0,4,3,1,1,00,0,ff,0,0,1,1,2,7,ff,fe,569,1
824,824,0,0,4,2,1,0,00,0,ff,0,0,1,1,2,7,ff,fe,570,1
825,825,0,0,4,2,0,0,00,1,ff,0,0,1,1,2,7,ff,fe,571,1
826,826,0,0,4,2,1,1,00,0,ff,0,0,1,1,2,7,ff,fe,571,1
827,827,0,0,4,1,1,0,00,0,ff,0,0,1,1,2,7,ff,fe,572,1
828,828,0,0,4,1,0,0,00,1,ff,0,0,1,1,2,7,ff,fe,573,1
829,829,0,0,4,1,1,1,00,0,ff,0,0,1,1,2,7,ff,fe,573,1
830,830,0,0,4,0,1,0,00,0,ff,0,0,1,1,2,7,ff,fe,574,1
831,831,0,0,4,0,0,0,00,1,ff,0,0,1,1,2,7,ff,fe,575,1
832,832,0,0,4,0,1,1,00,0,ff,0,0,1,1,2,7,ff,fe,575,1
833,833,0,0,5,0,1,0,00,0,ff,0,0,1,1,2,7,ff,fe,576,1
834,834,0,0,5,0,0,0,00,1,00,0,0,1,1,2,7,ff,fe,577,1
835,835,0,0,5,1,1,0,00,0,00,0,0,1,1,2,7,ff,fe,577,1
836,836,0,0,5,1,0,0,00,1,00,0,0,1,1,2,7,ff,fe,578,1
837,837,0,0,5,2,1,0,00,0,00,0,0,1,1,2,7,ff,fe,578,1
838,838,0,0,5,2,0,0,00,1,00,0,0,1,1,2,7,ff,fe,579,1
839,839,0,0,5,3,1,0,00,0,00,0,0,1,1,2,7,ff,fe,579,1
840,840,0,0,5,3,0,0,00,1,00,0,0,1,1,2,7,ff,fe,580,1
841,841,0,0,5,4,1,0,00,0,00,0,0,1,1,2,7,ff,fe,580,1
842,842,0,0,5,4,0,0,00,1,00,0,0,1,1,2,7,ff,fe,581,1
843,843,0,0,5,5,1,0,00,0,00,0,0,1,1,2,7,ff,fe,581,1
844,844,0,0,5,5,0,0,00,1,00,0,0,1,1,2,7,ff,fe,582,1
845,845,0,0,5,6,1,0,00,0,00,0,0,1,1,2,7,ff,fe,582,1
846,846,0,0,5,6,0,0,00,1,00,0,0,1,1,2,7,ff,fe,583,1
847,847,0,0,5,7,1,0,00,0,00,0,0,1,1,2,7,ff,fe,583,1
848,848,0,0,5,7,0,0,00,1,00,0,0,1,1,2,7,ff,fe,584,1
849,849,0,0,5,8,1,0,00,0,00,0,0,1,1,2,7,ff,fe,584,1
850,850,0,0,5,8,0,0,00,1,00,0,0,1,1,2,7,ff,fe,585,1
851,851,0,0,5,9,1,0,00,0,00,0,0,1,1,2,7,ff,fe,585,1
852,852,0,0,5,9,0,0,00,1,00,0,0,1,1,2,7,ff,fe,586,1
853,853,0,0,5,10,1,0,00,0,00,0,0,1,1,2,7,ff,fe,586,1
854,854,0,0,5,10,0,0,00,1,00,0,0,1,1,2,7,ff,fe,587,1
855,855,0,0,5,11,1,0,00,0,00,0,0,1,1,2,7,ff,fe,587,1
856,856,0,0,5,11,0,0,00,1,00,0,0,1,1,2,7,ff,fe,588,1
857,857,0,0,5,12,1,0,00,0,00,0,0,1,1,2,7,ff,fe,588,1
858,858,0,0,5,12,0,0,00,1,00,0,0,1,1,2,7,ff,fe,589,1
859,859,0,0,5,13,1,0,00,0,00,0,0,1,1,2,7,ff,fe,589,1
860,860,0,0,5,13,0,0,00,1,00,0,0,1,1,2,7,ff,fe,590,1
861,861,0,0,5,14,1,0,00,0,00,0,0,1,1,2,7,ff,fe,590,1
862,862,0,0,5,14,0,0,00,1,00,0,0,1,1,2,7,ff,fe,591,1
863,863,0,0,5,15,1,0,00,0,00,0,0,1,1,2,7,ff,fe,591,1
864,864,0,0,5,15,0,0,00,1,00,0,0,1,1,2,7,ff,fe,592,1
865,865,0,0,5,16,1,0,00,0,00,0,0,1,1,2,7,ff,fe,592,1
866,866,0,0,5,16,0,0,00,1,00,0,0,1,1,2,7,ff,fe,593,1
867,867,0,0,5,17,1,0,00,0,00,0,0,1,1,2,7,ff,fe,593,1
868,868,0,0,5,17,0,0,00,1,00,0,0,1,1,2,7,ff,fe,594,1
869,869,0,0,5,18,1,0,00,0,00,0,0,1,1,2,7,ff,fe,594,1
870,870,0,0,5,18,0,0,00,1,00,0,0,1,1,2,7,ff,fe,595,1
871,871,0,0,5,19,1,0,00,0,00,0,0,1,1,2,7,ff,fe,595,1
872,872,0,0,5,19,0,0,00,1,00,0,0,1,1,2,7,ff,fe,596,1
873,873,0,0,5,20,1,0,00,0,00,0,0,1,1,2,7,ff,fe,596,1
874,874,0,0,5,20,0,0,00,1,00,0,0,1,1,2,7,ff,fe,597,1
875,875,0,0,5,21,1,0,00,0,00,0,0,1,1,2,7,ff,fe,597,1
876,876,0,0,5,21,0,0,00,1,00,0,0,1,1,2,7,ff,fe,598,1
877,877,0,0,5,22,1,0,00,0,00,0,0,1,1,2,7,ff,fe,598,1
878,878,0,0,5,22,0,0,00,1,00,0,0,1,1,2,7,ff,fe,599,1
879,879,0,0,5,23,1,0,00,0,00,0,0,1,1,2,7,ff,fe,599,1
880,880,0,0,5,23,0,0,00,1,00,0,0,1,1,2,7,ff,fe,600,1
881,881,0,0,5,24,1,0,00,0,00,0,0,1,1,2,7,ff,fe,600,1
882,882,0,0,5,24,0,0,00,1,00,0,0,1,1,2,7,ff,fe,601,1
883,883,0,0,5,25,1,0,00,0,00,0,0,1,1,2,7,ff,fe,601,1
884,884,0,0,5,25,0,0,00,1,00,0,0,1,1,2,7,ff,fe,602,1
885,885,0,0,5,26,1,0,00,0,00,0,0,1,1,2,7,ff,fe,602,1
886,886,0,0,5,26,0,0,00,1,00,0,0,1,1,2,7,ff,fe,603,1
887,887,0,0,5,27,1,0,00,0,00,0,0,1,1,2,7,ff,fe,603,1
888,888,0,0,5,27,0,0,00,1,00,0,0,1,1,2,7,ff,fe,604,1
889,889,0,0,5,28,1,0,00,0,00,0,0,1,1,2,7,ff,fe,604,1
890,890,0,0,5,28,0,0,00,1,00,0,0,1,1,2,7,ff,fe,605,1
891,891,0,0,5,29,1,0,00,0,00,0,0,1,1,2,7,ff,fe,605,1
892,892,0,0,5,29,0,0,00,1,00,0,0,1,1,2,7,ff,fe,606,1
893,893,0,0,5,30,1,0,00,0,00,0,0,1,1,2,7,ff,fe,606,1
894,894,0,0,5,30,0,0,00,1,00,0,0,1,1,2,7,ff,fe,607,1
895,895,0,0,5,31,1,0,00,0,00,0,0,1,1,2,7,ff,fe,607,1
896,896,0,0,5,31,0,0,00,1,00,0,0,1,1,2,7,ff,fe,608,1
897,897,0,0,5,32,1,0,00,0,00,0,0,1,1,2,7,ff,fe,608,1
898,898,0,0,5,32,0,0,00,1,00,0,0,1,1,2,7,ff,fe,609,1
899,899,0,0,5,33,1,0,00,0,00,0,0,1,1,2,7,ff,fe,609,1
900,900,0,0,5,33,0,0,00,1,00,0,0,1,1,2,7,ff,fe,610,1
901,901,0,0,5,34,1,0,00,0,00,0,0,1,1,2,7,ff,fe,610,1
902,902,0,0,5,34,0,0,00,1,00,0,0,1,1,2,7,ff,fe,611,1
903,903,0,0,5,35,1,0,00,0,00,0,0,1,1,2,7,ff,fe,611,1
904,904,0,0,5,35,0,0,00,1,00,0,0,1,1,2,7,ff,fe,612,1
905,905,0,0,5,36,1,0,00,0,00,0,0,1,1,2,7,ff,fe,612,1
906,906,0,0,5,36,0,0,00,1,00,0,0,1,1,2,7,ff,fe,613,1
907,907,0,0,5,37,1,0,00,0,00,0,0,1,1,2,7,ff,fe,613,1
908,908,0,0,5,37,0,0,00,1,00,0,0,1,1,2,7,ff,fe,614,1
909,909,0,0,5,38,1,0,00,0,00,0,0,1,1,2,7,ff,fe,614,1
910,910,0,0,5,38,0,0,00,1,00,0,0,1,1,2,7,ff,fe,615,1
911,911,0,0,5,39,1,0,00,0,00,0,0,1,1,2,7,ff,fe,615,1
912,912,0,0,5,39,0,0,00,1,00,0,0,1,1,2,7,ff,fe,616,1
913,913,0,0,5,40,1,0,00,0,00,0,0,1,1,2,7,ff,fe,616,1
914,914,0,0,5,40,0,0,00,1,00,0,0,1,1,2,7,ff,fe,617,1
915,915,0,0,5,41,1,0,00,0,00,0,0,1,1,2,7,ff,fe,617,1
916,916,0,0,5,41,0,0,00,1,00,0,0,1,1,2,7,ff,fe,618,1
917,917,0,0,5,42,1,0,00,0,00,0,0,1,1,2,7,ff,fe,618,1
918,918,0,0,5,42,0,0,00,1,00,0,0,1,1,2,7,ff,fe,619,1
919,919,0,0,5,43,1,0,00,0,00,0,0,1,1,2,7,ff,fe,619,1
920,920,0,0,5,43,0,0,00,1,00,0,0,1,1,2,7,ff,fe,620,1
921,921,0,0,5,44,1,0,00,0,00,0,0,1,1,2,7,ff,fe,620,1
922,922,0,0,5,44,0,0,00,1,00,0,0,1,1,2,7,ff,fe,621,1
923,923,0,0,5,45,1,0,00,0,00,0,0,1,1,2,7,ff,fe,621,1
924,924,0,0,5,45,0,0,00,1,00,0,0,1,1,2,7,ff,fe,622,1
925,925,0,0,5,46,1,0,00,0,00,0,0,1,1,2,7,ff,fe,622,1
926,926,0,0,5,46,0,0,00,1,00,0,0,1,1,2,7,ff,fe,623,1
927,927,0,0,5,47,1,0,00,0,00,0,0,1,1,2,7,ff,fe,623,1
928,928,0,0,5,47,0,0,00,1,00,0,0,1,1,2,7,ff,fe,624,1
929,929,0,0,5,48,1,0,00,0,00,0,0,1,1,2,7,ff,fe,624,1
930,930,0,0,5,48,0,0,00,1,00,0,0,1,1,2,7,ff,fe,625,1
931,931,0,0,5,49,1,0,00,0,00,0,0,1,1,2,7,ff,fe,625,1
932,932,0,0,5,49,0,0,00,1,00,0,0,1,1,2,7,ff,fe,626,1
933,933,0,0,5,50,1,0,00,0,00,0,0,1,1,2,7,ff,fe,626,1
934,934,0,0,5,50,0,0,00,1,00,0,0,1,1,2,7,ff,fe,627,1
935,935,0,0,5,51,1,0,00,0,00,0,0,1,1,2,7,ff,fe,627,1
936,936,0,0,5,51,0,0,00,1,00,0,0,1,1,2,7,ff,fe,628,1
937,937,0,0,5,52,1,0,00,0,00,0,0,1,1,2,7,ff,fe,628,1
938,938,0,0,5,52,0,0,00,1,00,0,0,1,1,2,7,ff,fe,629,1
939,939,0,0,5,53,1,0,00,0,00,0,0,1,1,2,7,ff,fe,629,1
940,940,0,0,5,53,0,0,00,1,00,0,0,1,1,2,7,ff,fe,630,1
941,941,0,0,5,54,1,0,00,0,00,0,0,1,1,2,7,ff,fe,630,1
942,942,0,0,5,54,0,0,00,1,00,0,0,1,1,2,7,ff,fe,631,1
943,943,0,0,5,55,1,0,00,0,00,0,0,1,1,2,7,ff,fe,631,1
944,944,0,0,5,55,0,0,00,1,00,0,0,1,1,2,7,ff,fe,632,1
945,945,0,0,5,56,1,0,00,0,00,0,0,1,1,2,7,ff,fe,632,1
946,946,0,0,5,56,0,0,00,1,00,0,0,1,1,2,7,ff,fe,633,1
947,947,0,0,5,57,1,0,00,0,00,0,0,1,1,2,7,ff,fe,633,1
948,948,0,0,5,57,0,0,00,1,00,0,0,1,1,2,7,ff,fe,634,1
949,949,0,0,5,58,1,0,00,0,00,0,0,1,1,2,7,ff,fe,634,1
950,950,0,0,5,58,0,0,00,1,00,0,0,1,1,2,7,ff,fe,635,1
951,951,0,0,5,59,1,0,00,0,00,0,0,1,1,2,7,ff,fe,635,1
952,952,0,0,5,59,0,0,00,1,00,0,0,1,1,2,7,ff,fe,636,1
953,953,0,0,5,60,1,0,00,0,00,0,0,1,1,2,7,ff,fe,636,1
954,954,0,0,5,60,0,0,00,1,00,0,0,1,1,2,7,ff,fe,637,1
955,955,0,0,5,61,1,0,00,0,00,0,0,1,1,2,7,ff,fe,637,1
956,956,0,0,5,61,0,0,00,1,00,0,0,1,1,2,7,ff,fe,638,1
957,957,0,0,5,62,1,0,00,0,00,0,0,1,1,2,7,ff,fe,638,1
958,958,0,0,5,62,0,0,00,1,00,0,0,1,1,2,7,ff,fe,639,1
959,959,0,0,5,63,1,0,00,0,00,0,0,1,1,2,7,ff,fe,639,1
960,960,0,0,5,63,0,0,00,1,00,0,0,1,1,2,7,ff,fe,640,1
961,961,0,0,5,63,0,0,00,0,00,1,0,1,1,2,7,ff,fe,640,0
962,962,0,0,5,63,0,0,00,0,00,1,0,1,1,2,7,ff,fe,640,0
963,963,0,0,5,63,0,0,00,0,00,1,0,1,1,2,7,ff,fe,640,0
964,964,0,0,5,63,0,0,00,0,00,1,0,1,1,2,7,ff,fe,640,0
965,965,0,0,5,63,0,0,00,0,00,1,0,1,1,2,7,ff,fe,640,0
966,966,0,0,5,63,0,0,00,0,00,1,0,1,1,2,7,ff,fe,640,0
967,967,0,0,5,63,0,0,00,0,00,1,0,1,1,2,7,ff,fe,640,0
968,968,0,0,5,63,0,0,00,0,00,1,0,1,1,2,7,ff,fe,640,0
969,969,0,0,5,63,0,0,00,0,00,1,0,1,1,2,7,ff,fe,640,0
970,970,0,0,5,63,0,0,00,0,00,1,0,1,1,2,7,ff,fe,640,0
971,971,0,0,5,63,0,0,00,0,00,1,0,1,1,2,7,ff,fe,640,0
972,972,0,0,5,63,0,0,00,0,00,1,0,1,1,2,7,ff,fe,640,0
973,973,0,0,5,63,0,0,00,0,00,1,0,1,1,2,7,ff,fe,640,0
974,974,0,0,5,63,0,0,00,0,00,1,0,1,1,2,7,ff,fe,640,0
975,975,0,0,5,63,0,0,00,0,00,1,0,1,1,2,7,ff,fe,640,0
976,976,0,0,5,63,0,0,00,0,00,1,0,1,1,2,7,ff,fe,640,0
977,977,0,0,5,63,0,0,00,0,00,1,0,1,1,2,7,ff,fe,640,0
978,978,0,0,5,63,0,0,00,0,00,1,0,1,1,2,7,ff,fe,640,0
979,979,0,0,5,63,0,0,00,0,00,1,0,1,1,2,7,ff,fe,640,0
980,980,0,0,5,63,0,0,00,0,00,1,0,1,1,2,7,ff,fe,640,0
981,981,0,0,5,63,0,0,00,0,00,1,0,1,1,2,7,ff,fe,640,0
982,982,0,0,5,63,0,0,00,0,00,1,0,1,1,2,7,ff,fe,640,0
983,983,0,0,5,63,0,0,00,0,00,1,0,1,1,2,7,ff,fe,640,0
984,984,0,0,5,63,0,0,00,0,00,1,0,1,1,2,7,ff,fe,640,0
985,985,0,0,5,63,0,0,00,0,00,1,0,1,1,2,7,ff,fe,640,0
986,986,0,0,5,63,0,0,00,0,00,1,0,1,1,2,7,ff,fe,640,0
987,987,0,0,5,63,0,0,00,0,00,1,0,1,1,2,7,ff,fe,640,0
988,988,0,0,5,63,0,0,00,0,00,1,0,1,1,2,7,ff,fe,640,0
989,989,0,0,5,63,0,0,00,0,00,1,0,1,1,2,7,ff,fe,640,0
990,990,0,0,5,63,0,0,00,0,00,1,0,1,1,2,7,ff,fe,640,0
991,991,0,0,5,63,0,0,00,0,00,1,0,1,1,2,7,ff,fe,640,0
992,992,0,0,5,63,0,0,00,0,00,1,0,1,1,2,7,ff,fe,640,0
993,993,0,0,5,63,0,0,00,0,00,1,0,1,1,2,7,ff,fe,640,0
994,994,0,0,5,63,0,0,00,0,00,1,0,1,1,2,7,ff,fe,640,0
995,995,0,0,5,63,0,0,00,0,00,1,0,1,1,2,7,ff,fe,640,0
996,996,0,0,5,63,0,0,00,0,00,1,0,1,1,2,7,ff,fe,640,0
997,997,0,0,5,63,0,0,00,0,00,1,0,1,1,2,7,ff,fe,640,0
998,998,0,0,5,63,0,0,00,0,00,1,0,1,1,2,7,ff,fe,640,0
999,999,0,0,5,63,0,0,00,0,00,1,0,1,1,2,7,ff,fe,640,0
1000,1000,0,0,5,63,0,0,00,0,00,1,0,1,1,2,7,ff,fe,640,0
1001,1001,0,0,5,63,0,0,00,0,00,1,0,1,1,2,7,ff,fe,640,0
1002,1002,0,0,5,63,0,0,00,0,00,1,0,1,1,2,7,ff,fe,640,0
1003,1003,0,0,5,63,0,0,00,0,00,1,0,1,1,2,7,ff,fe,640,0
1004,1004,0,0,5,63,0,0,00,0,00,1,0,1,1,2,7,ff,fe,640,0
1005,1005,0,0,5,63,0,0,00,0,00,1,0,1,1,2,7,ff,fe,640,0
1006,1006,0,0,5,63,0,0,00,0,00,1,0,1,1,2,7,ff,fe,640,0
1007,1007,0,0,5,63,0,0,00,0,00,1,0,1,1,2,7,ff,fe,640,0
1008,1008,0,0,5,63,0,0,00,0,00,1,0,1,1,2,7,ff,fe,640,0
1009,1009,0,0,5,63,0,0,00,0,00,1,0,1,1,2,7,ff,fe,640,0
1010,1010,0,0,5,63,0,0,00,0,00,1,0,1,1,2,7,ff,fe,640,0
1011,1011,0,0,5,63,0,0,00,0,00,1,0,1,1,2,7,ff,fe,640,0
1012,1012,0,0,5,63,0,0,00,0,00,1,0,1,1,2,7,ff,fe,640,0
1013,1013,0,0,5,63,0,0,00,0,00,1,0,1,1,2,7,ff,fe,640,0
1014,1014,0,0,5,63,0,0,00,0,00,1,0,1,1,2,7,ff,fe,640,0
1015,1015,0,0,5,63,0,0,00,0,00,1,0,1,1,2,7,ff,fe,640,0
1016,1016,0,0,5,63,0,0,00,0,00,1,0,1,1,2,7,ff,fe,640,0
1017,1017,0,0,5,63,0,0,00,0,00,1,0,1,1,2,7,ff,fe,640,0
1018,1018,0,0,5,63,0,0,00,0,00,1,0,1,1,2,7,ff,fe,640,0
1019,1019,0,0,5,63,0,0,00,0,00,1,0,1,1,2,7,ff,fe,640,0
1020,1020,0,0,5,63,0,0,00,0,00,1,0,1,1,2,7,ff,fe,640,0
1021,1021,0,0,5,63,0,0,00,0,00,1,0,1,1,2,7,ff,fe,640,0
1022,1022,0,0,5,63,0,0,00,0,00,1,0,1,1,2,7,ff,fe,640,0
1023,1023,0,0,5,63,0,0,00,0,00,1,0,1,1,2,7,ff,fe,640,0
