fault_id,fault_type,fault_name,fault_addr,fault_bit,tool,activated,activation_count,detected,error_count,first_fail_addr,first_fail_stage,first_fail_expected,first_fail_actual,request_count,cycles,simulation_status,outcome,reason,attempts,raw_log,raw_log_sha256
F0000,1,SA0,0,0,icarus,1,2,1,2,0,M2,FF,FE,640,960,valid,activated_detected,,1,results/step06/raw/pilot/icarus/run_0001_offset_0000_count_0032.log,80F241AEE03A4B8DBF88FED2FAAB3AED869711ACB155FE8176186E9C9353FDC2
F0015,1,SA0,1,7,icarus,1,2,1,2,1,M2,FF,7F,640,960,valid,activated_detected,,1,results/step06/raw/pilot/icarus/run_0001_offset_0000_count_0032.log,80F241AEE03A4B8DBF88FED2FAAB3AED869711ACB155FE8176186E9C9353FDC2
F0058,1,SA0,7,2,icarus,1,2,1,2,7,M2,FF,FB,640,960,valid,activated_detected,,1,results/step06/raw/pilot/icarus/run_0001_offset_0000_count_0032.log,80F241AEE03A4B8DBF88FED2FAAB3AED869711ACB155FE8176186E9C9353FDC2
F0125,1,SA0,15,5,icarus,1,2,1,2,15,M2,FF,DF,640,960,valid,activated_detected,,1,results/step06/raw/pilot/icarus/run_0001_offset_0000_count_0032.log,80F241AEE03A4B8DBF88FED2FAAB3AED869711ACB155FE8176186E9C9353FDC2
F0251,1,SA0,31,3,icarus,1,2,1,2,31,M2,FF,F7,640,960,valid,activated_detected,,1,results/step06/raw/pilot/icarus/run_0001_offset_0000_count_0032.log,80F241AEE03A4B8DBF88FED2FAAB3AED869711ACB155FE8176186E9C9353FDC2
F0380,1,SA0,47,4,icarus,1,2,1,2,47,M2,FF,EF,640,960,valid,activated_detected,,1,results/step06/raw/pilot/icarus/run_0001_offset_0000_count_0032.log,80F241AEE03A4B8DBF88FED2FAAB3AED869711ACB155FE8176186E9C9353FDC2
F0502,1,SA0,62,6,icarus,1,2,1,2,62,M2,FF,BF,640,960,valid,activated_detected,,1,results/step06/raw/pilot/icarus/run_0001_offset_0000_count_0032.log,80F241AEE03A4B8DBF88FED2FAAB3AED869711ACB155FE8176186E9C9353FDC2
F0505,1,SA0,63,1,icarus,1,2,1,2,63,M2,FF,FD,640,960,valid,activated_detected,,1,results/step06/raw/pilot/icarus/run_0001_offset_0000_count_0032.log,80F241AEE03A4B8DBF88FED2FAAB3AED869711ACB155FE8176186E9C9353FDC2
F0512,2,SA1,0,0,icarus,1,3,1,3,0,M1,00,01,640,960,valid,activated_detected,,1,results/step06/raw/pilot/icarus/run_0001_offset_0000_count_0032.log,80F241AEE03A4B8DBF88FED2FAAB3AED869711ACB155FE8176186E9C9353FDC2
F0527,2,SA1,1,7,icarus,1,3,1,3,1,M1,00,80,640,960,valid,activated_detected,,1,results/step06/raw/pilot/icarus/run_0001_offset_0000_count_0032.log,80F241AEE03A4B8DBF88FED2FAAB3AED869711ACB155FE8176186E9C9353FDC2
F0570,2,SA1,7,2,icarus,1,3,1,3,7,M1,00,04,640,960,valid,activated_detected,,1,results/step06/raw/pilot/icarus/run_0001_offset_0000_count_0032.log,80F241AEE03A4B8DBF88FED2FAAB3AED869711ACB155FE8176186E9C9353FDC2
F0637,2,SA1,15,5,icarus,1,3,1,3,15,M1,00,20,640,960,valid,activated_detected,,1,results/step06/raw/pilot/icarus/run_0001_offset_0000_count_0032.log,80F241AEE03A4B8DBF88FED2FAAB3AED869711ACB155FE8176186E9C9353FDC2
F0763,2,SA1,31,3,icarus,1,3,1,3,31,M1,00,08,640,960,valid,activated_detected,,1,results/step06/raw/pilot/icarus/run_0001_offset_0000_count_0032.log,80F241AEE03A4B8DBF88FED2FAAB3AED869711ACB155FE8176186E9C9353FDC2
F0892,2,SA1,47,4,icarus,1,3,1,3,47,M1,00,10,640,960,valid,activated_detected,,1,results/step06/raw/pilot/icarus/run_0001_offset_0000_count_0032.log,80F241AEE03A4B8DBF88FED2FAAB3AED869711ACB155FE8176186E9C9353FDC2
F1014,2,SA1,62,6,icarus,1,3,1,3,62,M1,00,40,640,960,valid,activated_detected,,1,results/step06/raw/pilot/icarus/run_0001_offset_0000_count_0032.log,80F241AEE03A4B8DBF88FED2FAAB3AED869711ACB155FE8176186E9C9353FDC2
F1017,2,SA1,63,1,icarus,1,3,1,3,63,M1,00,02,640,960,valid,activated_detected,,1,results/step06/raw/pilot/icarus/run_0001_offset_0000_count_0032.log,80F241AEE03A4B8DBF88FED2FAAB3AED869711ACB155FE8176186E9C9353FDC2
F1024,3,Rising_TF,0,0,icarus,1,2,1,2,0,M2,FF,FE,640,960,valid,activated_detected,,1,results/step06/raw/pilot/icarus/run_0001_offset_0000_count_0032.log,80F241AEE03A4B8DBF88FED2FAAB3AED869711ACB155FE8176186E9C9353FDC2
F1039,3,Rising_TF,1,7,icarus,1,2,1,2,1,M2,FF,7F,640,960,valid,activated_detected,,1,results/step06/raw/pilot/icarus/run_0001_offset_0000_count_0032.log,80F241AEE03A4B8DBF88FED2FAAB3AED869711ACB155FE8176186E9C9353FDC2
F1082,3,Rising_TF,7,2,icarus,1,2,1,2,7,M2,FF,FB,640,960,valid,activated_detected,,1,results/step06/raw/pilot/icarus/run_0001_offset_0000_count_0032.log,80F241AEE03A4B8DBF88FED2FAAB3AED869711ACB155FE8176186E9C9353FDC2
F1149,3,Rising_TF,15,5,icarus,1,2,1,2,15,M2,FF,DF,640,960,valid,activated_detected,,1,results/step06/raw/pilot/icarus/run_0001_offset_0000_count_0032.log,80F241AEE03A4B8DBF88FED2FAAB3AED869711ACB155FE8176186E9C9353FDC2
F1275,3,Rising_TF,31,3,icarus,1,2,1,2,31,M2,FF,F7,640,960,valid,activated_detected,,1,results/step06/raw/pilot/icarus/run_0001_offset_0000_count_0032.log,80F241AEE03A4B8DBF88FED2FAAB3AED869711ACB155FE8176186E9C9353FDC2
F1404,3,Rising_TF,47,4,icarus,1,2,1,2,47,M2,FF,EF,640,960,valid,activated_detected,,1,results/step06/raw/pilot/icarus/run_0001_offset_0000_count_0032.log,80F241AEE03A4B8DBF88FED2FAAB3AED869711ACB155FE8176186E9C9353FDC2
F1526,3,Rising_TF,62,6,icarus,1,2,1,2,62,M2,FF,BF,640,960,valid,activated_detected,,1,results/step06/raw/pilot/icarus/run_0001_offset_0000_count_0032.log,80F241AEE03A4B8DBF88FED2FAAB3AED869711ACB155FE8176186E9C9353FDC2
F1529,3,Rising_TF,63,1,icarus,1,2,1,2,63,M2,FF,FD,640,960,valid,activated_detected,,1,results/step06/raw/pilot/icarus/run_0001_offset_0000_count_0032.log,80F241AEE03A4B8DBF88FED2FAAB3AED869711ACB155FE8176186E9C9353FDC2
F1536,4,Falling_TF,0,0,icarus,1,2,1,2,0,M3,00,01,640,960,valid,activated_detected,,1,results/step06/raw/pilot/icarus/run_0001_offset_0000_count_0032.log,80F241AEE03A4B8DBF88FED2FAAB3AED869711ACB155FE8176186E9C9353FDC2
F1551,4,Falling_TF,1,7,icarus,1,2,1,2,1,M3,00,80,640,960,valid,activated_detected,,1,results/step06/raw/pilot/icarus/run_0001_offset_0000_count_0032.log,80F241AEE03A4B8DBF88FED2FAAB3AED869711ACB155FE8176186E9C9353FDC2
F1594,4,Falling_TF,7,2,icarus,1,2,1,2,7,M3,00,04,640,960,valid,activated_detected,,1,results/step06/raw/pilot/icarus/run_0001_offset_0000_count_0032.log,80F241AEE03A4B8DBF88FED2FAAB3AED869711ACB155FE8176186E9C9353FDC2
F1661,4,Falling_TF,15,5,icarus,1,2,1,2,15,M3,00,20,640,960,valid,activated_detected,,1,results/step06/raw/pilot/icarus/run_0001_offset_0000_count_0032.log,80F241AEE03A4B8DBF88FED2FAAB3AED869711ACB155FE8176186E9C9353FDC2
F1787,4,Falling_TF,31,3,icarus,1,2,1,2,31,M3,00,08,640,960,valid,activated_detected,,1,results/step06/raw/pilot/icarus/run_0001_offset_0000_count_0032.log,80F241AEE03A4B8DBF88FED2FAAB3AED869711ACB155FE8176186E9C9353FDC2
F1916,4,Falling_TF,47,4,icarus,1,2,1,2,47,M3,00,10,640,960,valid,activated_detected,,1,results/step06/raw/pilot/icarus/run_0001_offset_0000_count_0032.log,80F241AEE03A4B8DBF88FED2FAAB3AED869711ACB155FE8176186E9C9353FDC2
F2038,4,Falling_TF,62,6,icarus,1,2,1,2,62,M3,00,40,640,960,valid,activated_detected,,1,results/step06/raw/pilot/icarus/run_0001_offset_0000_count_0032.log,80F241AEE03A4B8DBF88FED2FAAB3AED869711ACB155FE8176186E9C9353FDC2
F2041,4,Falling_TF,63,1,icarus,1,2,1,2,63,M3,00,02,640,960,valid,activated_detected,,1,results/step06/raw/pilot/icarus/run_0001_offset_0000_count_0032.log,80F241AEE03A4B8DBF88FED2FAAB3AED869711ACB155FE8176186E9C9353FDC2
F0000,1,SA0,0,0,xsim,1,2,1,2,0,M2,FF,FE,640,960,valid,activated_detected,,1,results/step06/raw/pilot/xsim/run_0001_offset_0000_count_0032.log,3DFC5C599BA956444CF94A6BD5D514D847086C28DD394603837BC6B405067BF0
F0015,1,SA0,1,7,xsim,1,2,1,2,1,M2,FF,7F,640,960,valid,activated_detected,,1,results/step06/raw/pilot/xsim/run_0001_offset_0000_count_0032.log,3DFC5C599BA956444CF94A6BD5D514D847086C28DD394603837BC6B405067BF0
F0058,1,SA0,7,2,xsim,1,2,1,2,7,M2,FF,FB,640,960,valid,activated_detected,,1,results/step06/raw/pilot/xsim/run_0001_offset_0000_count_0032.log,3DFC5C599BA956444CF94A6BD5D514D847086C28DD394603837BC6B405067BF0
F0125,1,SA0,15,5,xsim,1,2,1,2,15,M2,FF,DF,640,960,valid,activated_detected,,1,results/step06/raw/pilot/xsim/run_0001_offset_0000_count_0032.log,3DFC5C599BA956444CF94A6BD5D514D847086C28DD394603837BC6B405067BF0
F0251,1,SA0,31,3,xsim,1,2,1,2,31,M2,FF,F7,640,960,valid,activated_detected,,1,results/step06/raw/pilot/xsim/run_0001_offset_0000_count_0032.log,3DFC5C599BA956444CF94A6BD5D514D847086C28DD394603837BC6B405067BF0
F0380,1,SA0,47,4,xsim,1,2,1,2,47,M2,FF,EF,640,960,valid,activated_detected,,1,results/step06/raw/pilot/xsim/run_0001_offset_0000_count_0032.log,3DFC5C599BA956444CF94A6BD5D514D847086C28DD394603837BC6B405067BF0
F0502,1,SA0,62,6,xsim,1,2,1,2,62,M2,FF,BF,640,960,valid,activated_detected,,1,results/step06/raw/pilot/xsim/run_0001_offset_0000_count_0032.log,3DFC5C599BA956444CF94A6BD5D514D847086C28DD394603837BC6B405067BF0
F0505,1,SA0,63,1,xsim,1,2,1,2,63,M2,FF,FD,640,960,valid,activated_detected,,1,results/step06/raw/pilot/xsim/run_0001_offset_0000_count_0032.log,3DFC5C599BA956444CF94A6BD5D514D847086C28DD394603837BC6B405067BF0
F0512,2,SA1,0,0,xsim,1,3,1,3,0,M1,00,01,640,960,valid,activated_detected,,1,results/step06/raw/pilot/xsim/run_0001_offset_0000_count_0032.log,3DFC5C599BA956444CF94A6BD5D514D847086C28DD394603837BC6B405067BF0
F0527,2,SA1,1,7,xsim,1,3,1,3,1,M1,00,80,640,960,valid,activated_detected,,1,results/step06/raw/pilot/xsim/run_0001_offset_0000_count_0032.log,3DFC5C599BA956444CF94A6BD5D514D847086C28DD394603837BC6B405067BF0
F0570,2,SA1,7,2,xsim,1,3,1,3,7,M1,00,04,640,960,valid,activated_detected,,1,results/step06/raw/pilot/xsim/run_0001_offset_0000_count_0032.log,3DFC5C599BA956444CF94A6BD5D514D847086C28DD394603837BC6B405067BF0
F0637,2,SA1,15,5,xsim,1,3,1,3,15,M1,00,20,640,960,valid,activated_detected,,1,results/step06/raw/pilot/xsim/run_0001_offset_0000_count_0032.log,3DFC5C599BA956444CF94A6BD5D514D847086C28DD394603837BC6B405067BF0
F0763,2,SA1,31,3,xsim,1,3,1,3,31,M1,00,08,640,960,valid,activated_detected,,1,results/step06/raw/pilot/xsim/run_0001_offset_0000_count_0032.log,3DFC5C599BA956444CF94A6BD5D514D847086C28DD394603837BC6B405067BF0
F0892,2,SA1,47,4,xsim,1,3,1,3,47,M1,00,10,640,960,valid,activated_detected,,1,results/step06/raw/pilot/xsim/run_0001_offset_0000_count_0032.log,3DFC5C599BA956444CF94A6BD5D514D847086C28DD394603837BC6B405067BF0
F1014,2,SA1,62,6,xsim,1,3,1,3,62,M1,00,40,640,960,valid,activated_detected,,1,results/step06/raw/pilot/xsim/run_0001_offset_0000_count_0032.log,3DFC5C599BA956444CF94A6BD5D514D847086C28DD394603837BC6B405067BF0
F1017,2,SA1,63,1,xsim,1,3,1,3,63,M1,00,02,640,960,valid,activated_detected,,1,results/step06/raw/pilot/xsim/run_0001_offset_0000_count_0032.log,3DFC5C599BA956444CF94A6BD5D514D847086C28DD394603837BC6B405067BF0
F1024,3,Rising_TF,0,0,xsim,1,2,1,2,0,M2,FF,FE,640,960,valid,activated_detected,,1,results/step06/raw/pilot/xsim/run_0001_offset_0000_count_0032.log,3DFC5C599BA956444CF94A6BD5D514D847086C28DD394603837BC6B405067BF0
F1039,3,Rising_TF,1,7,xsim,1,2,1,2,1,M2,FF,7F,640,960,valid,activated_detected,,1,results/step06/raw/pilot/xsim/run_0001_offset_0000_count_0032.log,3DFC5C599BA956444CF94A6BD5D514D847086C28DD394603837BC6B405067BF0
F1082,3,Rising_TF,7,2,xsim,1,2,1,2,7,M2,FF,FB,640,960,valid,activated_detected,,1,results/step06/raw/pilot/xsim/run_0001_offset_0000_count_0032.log,3DFC5C599BA956444CF94A6BD5D514D847086C28DD394603837BC6B405067BF0
F1149,3,Rising_TF,15,5,xsim,1,2,1,2,15,M2,FF,DF,640,960,valid,activated_detected,,1,results/step06/raw/pilot/xsim/run_0001_offset_0000_count_0032.log,3DFC5C599BA956444CF94A6BD5D514D847086C28DD394603837BC6B405067BF0
F1275,3,Rising_TF,31,3,xsim,1,2,1,2,31,M2,FF,F7,640,960,valid,activated_detected,,1,results/step06/raw/pilot/xsim/run_0001_offset_0000_count_0032.log,3DFC5C599BA956444CF94A6BD5D514D847086C28DD394603837BC6B405067BF0
F1404,3,Rising_TF,47,4,xsim,1,2,1,2,47,M2,FF,EF,640,960,valid,activated_detected,,1,results/step06/raw/pilot/xsim/run_0001_offset_0000_count_0032.log,3DFC5C599BA956444CF94A6BD5D514D847086C28DD394603837BC6B405067BF0
F1526,3,Rising_TF,62,6,xsim,1,2,1,2,62,M2,FF,BF,640,960,valid,activated_detected,,1,results/step06/raw/pilot/xsim/run_0001_offset_0000_count_0032.log,3DFC5C599BA956444CF94A6BD5D514D847086C28DD394603837BC6B405067BF0
F1529,3,Rising_TF,63,1,xsim,1,2,1,2,63,M2,FF,FD,640,960,valid,activated_detected,,1,results/step06/raw/pilot/xsim/run_0001_offset_0000_count_0032.log,3DFC5C599BA956444CF94A6BD5D514D847086C28DD394603837BC6B405067BF0
F1536,4,Falling_TF,0,0,xsim,1,2,1,2,0,M3,00,01,640,960,valid,activated_detected,,1,results/step06/raw/pilot/xsim/run_0001_offset_0000_count_0032.log,3DFC5C599BA956444CF94A6BD5D514D847086C28DD394603837BC6B405067BF0
F1551,4,Falling_TF,1,7,xsim,1,2,1,2,1,M3,00,80,640,960,valid,activated_detected,,1,results/step06/raw/pilot/xsim/run_0001_offset_0000_count_0032.log,3DFC5C599BA956444CF94A6BD5D514D847086C28DD394603837BC6B405067BF0
F1594,4,Falling_TF,7,2,xsim,1,2,1,2,7,M3,00,04,640,960,valid,activated_detected,,1,results/step06/raw/pilot/xsim/run_0001_offset_0000_count_0032.log,3DFC5C599BA956444CF94A6BD5D514D847086C28DD394603837BC6B405067BF0
F1661,4,Falling_TF,15,5,xsim,1,2,1,2,15,M3,00,20,640,960,valid,activated_detected,,1,results/step06/raw/pilot/xsim/run_0001_offset_0000_count_0032.log,3DFC5C599BA956444CF94A6BD5D514D847086C28DD394603837BC6B405067BF0
F1787,4,Falling_TF,31,3,xsim,1,2,1,2,31,M3,00,08,640,960,valid,activated_detected,,1,results/step06/raw/pilot/xsim/run_0001_offset_0000_count_0032.log,3DFC5C599BA956444CF94A6BD5D514D847086C28DD394603837BC6B405067BF0
F1916,4,Falling_TF,47,4,xsim,1,2,1,2,47,M3,00,10,640,960,valid,activated_detected,,1,results/step06/raw/pilot/xsim/run_0001_offset_0000_count_0032.log,3DFC5C599BA956444CF94A6BD5D514D847086C28DD394603837BC6B405067BF0
F2038,4,Falling_TF,62,6,xsim,1,2,1,2,62,M3,00,40,640,960,valid,activated_detected,,1,results/step06/raw/pilot/xsim/run_0001_offset_0000_count_0032.log,3DFC5C599BA956444CF94A6BD5D514D847086C28DD394603837BC6B405067BF0
F2041,4,Falling_TF,63,1,xsim,1,2,1,2,63,M3,00,02,640,960,valid,activated_detected,,1,results/step06/raw/pilot/xsim/run_0001_offset_0000_count_0032.log,3DFC5C599BA956444CF94A6BD5D514D847086C28DD394603837BC6B405067BF0
