fault_id,fault_type,fault_name,fault_addr,fault_bit
F0000,1,SA0,0,0
F0015,1,SA0,1,7
F0058,1,SA0,7,2
F0125,1,SA0,15,5
F0251,1,SA0,31,3
F0380,1,SA0,47,4
F0502,1,SA0,62,6
F0505,1,SA0,63,1
F0512,2,SA1,0,0
F0527,2,SA1,1,7
F0570,2,SA1,7,2
F0637,2,SA1,15,5
F0763,2,SA1,31,3
F0892,2,SA1,47,4
F1014,2,SA1,62,6
F1017,2,SA1,63,1
F1024,3,Rising_TF,0,0
F1039,3,Rising_TF,1,7
F1082,3,Rising_TF,7,2
F1149,3,Rising_TF,15,5
F1275,3,Rising_TF,31,3
F1404,3,Rising_TF,47,4
F1526,3,Rising_TF,62,6
F1529,3,Rising_TF,63,1
F1536,4,Falling_TF,0,0
F1551,4,Falling_TF,1,7
F1594,4,Falling_TF,7,2
F1661,4,Falling_TF,15,5
F1787,4,Falling_TF,31,3
F1916,4,Falling_TF,47,4
F2038,4,Falling_TF,62,6
F2041,4,Falling_TF,63,1
