file,created_stage_date,revised,change,frozen_sha256,package_sha256
fpga/board_pins.xdc,2026-09-24,2026-09-26,header_only,715CAB9315ED8C9A804A9A2A01D8A34B93DD1E37C7317085F89C135515452C29,4FDACE70707C74258154D69B6B1BB62FE15B7E3B3FF66CFBFE90200DD71FE4A6
fpga/board_top.v,2026-09-24,2026-09-26,header_only,9821A1D03814083BE5EA978CC5B20E8789ECB43B30624FE168161CD998D58A13,6F1E1D0C834DAFDF3B6CD9C3296ED25FDFB2E360819002BEA3F4D965BB3ACA52
fpga/build_ila.tcl,2026-09-25,2026-09-26,header_only,C69B22467CB8E3AE894E482582EEF686F8BB61268708495BA20007DDD20BF1D7,79B131F11EB41F7D3FC48329422B522BA6B69324C6AB6E3DF36BE077024EADC6
fpga/check_ram_inference.tcl,2026-09-06,2026-09-26,header_only,1E0315E4A570B08ECB27D8AA04C903455362FE13E3B488821D56DCFCE72F4B8B,3CF4359322EA53A7FBFC10CFA277FB04F0EBC329F5BEA674881C0108F0503ECE
fpga/create_board_project.tcl,2026-09-24,2026-09-26,header_only,C4AB74291461AA05AA1DDD79DEEF4090021E20D92601ACDF8153A0060B2FEA07,2C95A5D14E2CA411EF438B2C104B90128E9F57AACB380864C1E20BBF66929769
fpga/inspect_debug_nets.tcl,2026-09-25,2026-09-26,header_only,BFFE800A1BC144FAF88B1D80B5620879CE6420A971EBE2DE52797E34B6341700,E86C580D096504FC1C9286B099A1D63BE66B0B0541CAF5B165EA3530243DFFFF
fpga/inspect_ila_api.tcl,2026-09-25,2026-09-26,header_only,9FB65AFB84BA08731598DD1C03FEE7525B3BA90BA5C8EDFE6F94CEA9C5174C29,4E93647DADC8C762E6ACD1B77A82F4E5DA9AE134FD1C90A1E750405F1A4C6478
fpga/set_industrial.tcl,2026-09-24,2026-09-26,header_only,F1555DE4564526B27E4E2BE28B3704ED4F94C72C16A89E28C06288D1C65253BE,A1DCF30A6BA7756E292BB0BF8BC20277D13EBAE6B2EBE72CF8EF6728BD7B1091
fpga/synthesize_controller.tcl,2026-09-24,2026-09-26,header_only,A028B4C93AA6832F1DA8EF5C8D0A6BAF559E02E43F9BE870454CEF2B56C4C9CA,4729DDD22CAAF7C94830A36B6E11AA7228F79D7E2F9D145046EB51EDA776BF38
rtl/address_generator.v,2026-09-07,2026-09-26,header_only,F88A8792BEFE4099C9CFAA9DD112EC9D852CBD813FF04D5BF05DD65D39984CA4,B43B1FC5C81301C076E31D77DFE8F0691576591F9D80C21DBADF1D8608C85614
rtl/data_generator.v,2026-09-07,2026-09-26,header_only,B42EFB2AE73713D9E7F7FF4C3BF603B34C3372CD996CD1A1F1BE0C02C5AB6254,6CD9A43A11F1E211D7CDD036E7B42AE6466E0DB325C86A4B84568F00CA3A064E
rtl/march_controller.v,2026-09-09,2026-09-26,header_only,DF5A36C36AA858A89ECB4394D1D13075DC87CD5831B2126060FF10E368CE52F6,11F5718D51AE5C27FAEF051C8627FC819A73A7BB5B9F92F3096F600FE93D330E
rtl/mbist_top.v,2026-09-10,2026-09-26,header_only,58E3DFC228E5DAD74BE6925A71618BC3851097C88EB81A505063D54CDE7A2D26,D22E0B306F865FD2F71C261D28F73067134969E3A2B558F07E6B62D92906ABA7
rtl/memory_interface.v,2026-09-08,2026-09-26,header_only,8A6DDF6486252BBE00C68C5189062D63C287ABFEACAC0DD946BFA575BF3EA042,460A4F909E6CC27E09E223E5392EC351282E92545E314A93B2365FEC1F7FFDC3
rtl/response_checker.v,2026-09-08,2026-09-26,header_only,BD54C90A7DD1326842C0B0824630E6EC612A9F7432112DE49FDCC3DC8242DF75,285BC2B1837AE528F3ABFD3F742A6F7A19C93EF0EA205A50F863126D40B96510
rtl/single_port_sync_ram.v,2026-09-04,2026-09-26,header_only,E437AC883A42C4639D59D9C38843C598EEECDF81747831CD38A22AA6AEBEA0D4,D32A7C8CF7B3719A44E0D4BC6C5541A2CD8611CB4B6FECB1F4C84027DA3316F7
scripts/audit_step06.py,2026-09-21,2026-09-26,audit_archive_support,ABD9206307BC942B866579EE380756692954652AEE6CCCB6545C095A68393703,E4FD2EF87727B89756F5EF24BE6B2EAE4038E923F18D8697FBE6B0C0974E26EA
scripts/audit_step08.py,2026-09-25,2026-09-26,header_only,0BB95AAE5AB41E52D117688B4DA22EC66457B790BA3DA15456701EC048EBE9BA,9914EE63D1AEF5CBFE20E97481A0F2D31AECB8E651AF83983986C1C7E3E1E5E2
scripts/audit_step08_ila.py,2026-09-26,2026-09-26,header_only,96F953A6613D6FA1A3EB77926A6F8E40B92FF1C05CA32B11D0B5E978220122F7,5B517E16A2145C0AB03E32B2E55DDEA95D1B27AC839C683673E6A982406253C8
scripts/check_step03_trace.py,2026-09-10,2026-09-26,header_only,2E4C7E6F5E9F476CE47AB2561CBF09753E5B759EB1C6BE10B45D6F4BA654EE01,936230D09BE12622C061395D171FAA5D6EB4420F9679221715587C2AFBF31319
scripts/evaluate_fault_coverage.py,2026-09-23,2026-09-26,audit_archive_support,06410267E9AB435EDBB75413A0D6A00F7D04B393952CBCBAF7880B9FCD8F082A,7416F22B51667AE94EC3A0CB7D01887643B12CE4F89251C7F627564971F40D43
scripts/frozen_source.py,2026-09-26,2026-09-26,new_package_helper,,E477E39336E7CF166F53BA201025A841934ABFF71BC206F228659323A71A234B
scripts/generate_fault_manifest.py,2026-09-18,2026-09-26,header_only,F142C3D6FA8A18AD762CFBEA5273C71C900390146C78051840851D1DB50E1F95,A6A0CF975F92D1DFBF4F25630CB09B9E6028203DC3889863483F57E664E0A25E
scripts/generate_march_reference.py,2026-09-03,2026-09-26,header_only,52952EC76A5CAA6E42D370F85916D20126EF4E4E69B3541D9FFB622BEE696117,46357691BB8E93D819DD77ACEE45E58443A2F61F70C6E965E3923C6804E577B4
scripts/run_step04.py,2026-09-13,2026-09-26,header_only,C6DA6E20608AC4D1EEE1C8E0E054FEDEDDB4A0DC727C33CC726F1C4A00814227,AE0D2FF9B330CA829BE2945527AA9A5353005B991023657AB9C009FFFC6EE585
scripts/run_step05.py,2026-09-17,2026-09-26,header_only,001BBA524C4617085375F43DB0470FE0EDBB4B311B8B55165CA93817D729AAA0,44D21C88A8CCAC693D336B0B95FF836E51414332CCD94AC087BF081F048CBBAF
scripts/run_step06.py,2026-09-20,2026-09-26,header_only,8B6AFA00A2731F3A4E2EE31D767FF34AD8FD5CAAC7ACBB8A3C9AFA2D1BAEAF24,8D753045C183D216A281DF1B35D910CB97A369B7C40D360B08B480B0584DED56
scripts/run_step08_board.py,2026-09-25,2026-09-26,header_only,0999B54AE258C9B23F93AE8AFA900C839CE9FB37B5B8B99B30F5BFF3A1BB0ABA,58D4B9F38AA927A659B6E7CFD2A72B5B3513D02C8C5F98E2A5EA2BE280AB4DB5
sim/run_step03.ps1,2026-09-10,2026-09-26,path_portability,2D09956C185CE2138AB77DE8647E45D586E0CFEBF3A46F0FC46D2F13923D7495,4B90DC3D072FC12EE85C0CAA34FFFCF552C108A11F90C8DDECC382ED2E40FEBD
tb/fault_injector.sv,2026-09-14,2026-09-26,header_only,AAD675F6F303D180D679F450982427EF3981170C47A95D763217921F4D201F9B,06C9959324F070641A7DB6425B61B21E7E79D9EEA334AD6C56E25B4C90A0FED3
tb/fault_reference_monitor.sv,2026-09-16,2026-09-26,header_only,7165CFFE4FD2B5C74DB303394CB083FE156CF3D7584CE1B1840400272D3A017A,B7DC54DA31DF2F3531D6698ED827019426274E9E8E18574F9815DCF7DA9D9EE0
tb/faulty_memory.sv,2026-09-14,2026-09-26,header_only,84126CEB7B0E83C9B87D2353B68C0625C5C7AB8F1FBF4DCCAFC3FADD81FC8231,DE585AAED0DB62D06F193C63A3599218F5930753E46DEFEFE935FC066F81FA0B
tb/march_transaction_checker.sv,2026-09-11,2026-09-26,header_only,AAA6F1355CB2E8835530756D6938A6E13DEFC93E772C6A058309EFEB70301CE3,F4705E79E436467747E585090D923E5ED3CCD15398BCC68A556664672D1C6268
tb/tb_board_top.sv,2026-09-25,2026-09-26,header_only,6191D3CE0CCFF3E861B4580CAA73362600C5CFFCC2AB25B20CA203ED19554265,C16EE878015AB7C343706F53C61435EE5D1E30E7E43AC450756DBCFDE097806F
tb/tb_faulty_memory_unit.sv,2026-09-15,2026-09-26,header_only,2E8EB8CFC2724B310190B512A087AF0F0B72E641BF0258DB1709D14AF3817F09,3D80EB3DC992CF1019FDD35E0240759A7FBA0D141AC2B69BD3F167D594C907F3
tb/tb_mbist_top.sv,2026-09-10,2026-09-26,header_only,4F7BCBDFE5F9C5D272A88005F176E212C0D2CB8B2F1E7528FBCC330A29C0C4A0,4CC9684D1726FCAEFFC99CCC8843B56296DDA34B9363F0B1B09A03E2F6E46D1B
tb/tb_single_port_sync_ram.sv,2026-09-05,2026-09-26,header_only,7F29BD5CADBD2C4CCD6EEEB03F23EA87C58E50EA8EB5D3E857584EDE47F60761,F6BFB4AA0F09A39A9B0C5806325B260EC036564CB1506220E710B5BC0F2C21CB
tb/tb_step04_independent.sv,2026-09-12,2026-09-26,header_only,E382476BCDF6C9ABE5E42DAE8B98B0FA6F84D98D4D2C781A597B33594F09B07A,AD365368D726A9A4C9F4F5C185D725AFCF5980ABD702BF6940710ABFE50100BE
tb/tb_step05_mbist.sv,2026-09-16,2026-09-26,header_only,DF6918261AFFC2328475C64718227499F2123AD655EDD082AD51649EE509C7F4,144778C9FCF42E337FF40C0972F239621543D088940FAFD1C9C8D3455B66FE5A
tb/tb_step06_campaign.sv,2026-09-19,2026-09-26,header_only,AE747BC9F3EDEF53E9AB59DC69C849D3AC24F1E177F0AC227EAA51A0C7C4E51A,6A8E7E398CE94F6E30B6ED8CA9D81A1B621151821F95E3C35C835D5AB614A5B5
