fault_id,match,differences
F0000,1,
F0001,1,
F0002,1,
F0003,1,
F0004,1,
F0005,1,
F0006,1,
F0007,1,
F0008,1,
F0009,1,
F0010,1,
F0011,1,
F0012,1,
F0013,1,
F0014,1,
F0015,1,
F0016,1,
F0017,1,
F0018,1,
F0019,1,
F0020,1,
F0021,1,
F0022,1,
F0023,1,
F0024,1,
F0025,1,
F0026,1,
F0027,1,
F0028,1,
F0029,1,
F0030,1,
F0031,1,
F0032,1,
F0033,1,
F0034,1,
F0035,1,
F0036,1,
F0037,1,
F0038,1,
F0039,1,
F0040,1,
F0041,1,
F0042,1,
F0043,1,
F0044,1,
F0045,1,
F0046,1,
F0047,1,
F0048,1,
F0049,1,
F0050,1,
F0051,1,
F0052,1,
F0053,1,
F0054,1,
F0055,1,
F0056,1,
F0057,1,
F0058,1,
F0059,1,
F0060,1,
F0061,1,
F0062,1,
F0063,1,
F0064,1,
F0065,1,
F0066,1,
F0067,1,
F0068,1,
F0069,1,
F0070,1,
F0071,1,
F0072,1,
F0073,1,
F0074,1,
F0075,1,
F0076,1,
F0077,1,
F0078,1,
F0079,1,
F0080,1,
F0081,1,
F0082,1,
F0083,1,
F0084,1,
F0085,1,
F0086,1,
F0087,1,
F0088,1,
F0089,1,
F0090,1,
F0091,1,
F0092,1,
F0093,1,
F0094,1,
F0095,1,
F0096,1,
F0097,1,
F0098,1,
F0099,1,
F0100,1,
F0101,1,
F0102,1,
F0103,1,
F0104,1,
F0105,1,
F0106,1,
F0107,1,
F0108,1,
F0109,1,
F0110,1,
F0111,1,
F0112,1,
F0113,1,
F0114,1,
F0115,1,
F0116,1,
F0117,1,
F0118,1,
F0119,1,
F0120,1,
F0121,1,
F0122,1,
F0123,1,
F0124,1,
F0125,1,
F0126,1,
F0127,1,
F0128,1,
F0129,1,
F0130,1,
F0131,1,
F0132,1,
F0133,1,
F0134,1,
F0135,1,
F0136,1,
F0137,1,
F0138,1,
F0139,1,
F0140,1,
F0141,1,
F0142,1,
F0143,1,
F0144,1,
F0145,1,
F0146,1,
F0147,1,
F0148,1,
F0149,1,
F0150,1,
F0151,1,
F0152,1,
F0153,1,
F0154,1,
F0155,1,
F0156,1,
F0157,1,
F0158,1,
F0159,1,
F0160,1,
F0161,1,
F0162,1,
F0163,1,
F0164,1,
F0165,1,
F0166,1,
F0167,1,
F0168,1,
F0169,1,
F0170,1,
F0171,1,
F0172,1,
F0173,1,
F0174,1,
F0175,1,
F0176,1,
F0177,1,
F0178,1,
F0179,1,
F0180,1,
F0181,1,
F0182,1,
F0183,1,
F0184,1,
F0185,1,
F0186,1,
F0187,1,
F0188,1,
F0189,1,
F0190,1,
F0191,1,
F0192,1,
F0193,1,
F0194,1,
F0195,1,
F0196,1,
F0197,1,
F0198,1,
F0199,1,
F0200,1,
F0201,1,
F0202,1,
F0203,1,
F0204,1,
F0205,1,
F0206,1,
F0207,1,
F0208,1,
F0209,1,
F0210,1,
F0211,1,
F0212,1,
F0213,1,
F0214,1,
F0215,1,
F0216,1,
F0217,1,
F0218,1,
F0219,1,
F0220,1,
F0221,1,
F0222,1,
F0223,1,
F0224,1,
F0225,1,
F0226,1,
F0227,1,
F0228,1,
F0229,1,
F0230,1,
F0231,1,
F0232,1,
F0233,1,
F0234,1,
F0235,1,
F0236,1,
F0237,1,
F0238,1,
F0239,1,
F0240,1,
F0241,1,
F0242,1,
F0243,1,
F0244,1,
F0245,1,
F0246,1,
F0247,1,
F0248,1,
F0249,1,
F0250,1,
F0251,1,
F0252,1,
F0253,1,
F0254,1,
F0255,1,
F0256,1,
F0257,1,
F0258,1,
F0259,1,
F0260,1,
F0261,1,
F0262,1,
F0263,1,
F0264,1,
F0265,1,
F0266,1,
F0267,1,
F0268,1,
F0269,1,
F0270,1,
F0271,1,
F0272,1,
F0273,1,
F0274,1,
F0275,1,
F0276,1,
F0277,1,
F0278,1,
F0279,1,
F0280,1,
F0281,1,
F0282,1,
F0283,1,
F0284,1,
F0285,1,
F0286,1,
F0287,1,
F0288,1,
F0289,1,
F0290,1,
F0291,1,
F0292,1,
F0293,1,
F0294,1,
F0295,1,
F0296,1,
F0297,1,
F0298,1,
F0299,1,
F0300,1,
F0301,1,
F0302,1,
F0303,1,
F0304,1,
F0305,1,
F0306,1,
F0307,1,
F0308,1,
F0309,1,
F0310,1,
F0311,1,
F0312,1,
F0313,1,
F0314,1,
F0315,1,
F0316,1,
F0317,1,
F0318,1,
F0319,1,
F0320,1,
F0321,1,
F0322,1,
F0323,1,
F0324,1,
F0325,1,
F0326,1,
F0327,1,
F0328,1,
F0329,1,
F0330,1,
F0331,1,
F0332,1,
F0333,1,
F0334,1,
F0335,1,
F0336,1,
F0337,1,
F0338,1,
F0339,1,
F0340,1,
F0341,1,
F0342,1,
F0343,1,
F0344,1,
F0345,1,
F0346,1,
F0347,1,
F0348,1,
F0349,1,
F0350,1,
F0351,1,
F0352,1,
F0353,1,
F0354,1,
F0355,1,
F0356,1,
F0357,1,
F0358,1,
F0359,1,
F0360,1,
F0361,1,
F0362,1,
F0363,1,
F0364,1,
F0365,1,
F0366,1,
F0367,1,
F0368,1,
F0369,1,
F0370,1,
F0371,1,
F0372,1,
F0373,1,
F0374,1,
F0375,1,
F0376,1,
F0377,1,
F0378,1,
F0379,1,
F0380,1,
F0381,1,
F0382,1,
F0383,1,
F0384,1,
F0385,1,
F0386,1,
F0387,1,
F0388,1,
F0389,1,
F0390,1,
F0391,1,
F0392,1,
F0393,1,
F0394,1,
F0395,1,
F0396,1,
F0397,1,
F0398,1,
F0399,1,
F0400,1,
F0401,1,
F0402,1,
F0403,1,
F0404,1,
F0405,1,
F0406,1,
F0407,1,
F0408,1,
F0409,1,
F0410,1,
F0411,1,
F0412,1,
F0413,1,
F0414,1,
F0415,1,
F0416,1,
F0417,1,
F0418,1,
F0419,1,
F0420,1,
F0421,1,
F0422,1,
F0423,1,
F0424,1,
F0425,1,
F0426,1,
F0427,1,
F0428,1,
F0429,1,
F0430,1,
F0431,1,
F0432,1,
F0433,1,
F0434,1,
F0435,1,
F0436,1,
F0437,1,
F0438,1,
F0439,1,
F0440,1,
F0441,1,
F0442,1,
F0443,1,
F0444,1,
F0445,1,
F0446,1,
F0447,1,
F0448,1,
F0449,1,
F0450,1,
F0451,1,
F0452,1,
F0453,1,
F0454,1,
F0455,1,
F0456,1,
F0457,1,
F0458,1,
F0459,1,
F0460,1,
F0461,1,
F0462,1,
F0463,1,
F0464,1,
F0465,1,
F0466,1,
F0467,1,
F0468,1,
F0469,1,
F0470,1,
F0471,1,
F0472,1,
F0473,1,
F0474,1,
F0475,1,
F0476,1,
F0477,1,
F0478,1,
F0479,1,
F0480,1,
F0481,1,
F0482,1,
F0483,1,
F0484,1,
F0485,1,
F0486,1,
F0487,1,
F0488,1,
F0489,1,
F0490,1,
F0491,1,
F0492,1,
F0493,1,
F0494,1,
F0495,1,
F0496,1,
F0497,1,
F0498,1,
F0499,1,
F0500,1,
F0501,1,
F0502,1,
F0503,1,
F0504,1,
F0505,1,
F0506,1,
F0507,1,
F0508,1,
F0509,1,
F0510,1,
F0511,1,
F0512,1,
F0513,1,
F0514,1,
F0515,1,
F0516,1,
F0517,1,
F0518,1,
F0519,1,
F0520,1,
F0521,1,
F0522,1,
F0523,1,
F0524,1,
F0525,1,
F0526,1,
F0527,1,
F0528,1,
F0529,1,
F0530,1,
F0531,1,
F0532,1,
F0533,1,
F0534,1,
F0535,1,
F0536,1,
F0537,1,
F0538,1,
F0539,1,
F0540,1,
F0541,1,
F0542,1,
F0543,1,
F0544,1,
F0545,1,
F0546,1,
F0547,1,
F0548,1,
F0549,1,
F0550,1,
F0551,1,
F0552,1,
F0553,1,
F0554,1,
F0555,1,
F0556,1,
F0557,1,
F0558,1,
F0559,1,
F0560,1,
F0561,1,
F0562,1,
F0563,1,
F0564,1,
F0565,1,
F0566,1,
F0567,1,
F0568,1,
F0569,1,
F0570,1,
F0571,1,
F0572,1,
F0573,1,
F0574,1,
F0575,1,
F0576,1,
F0577,1,
F0578,1,
F0579,1,
F0580,1,
F0581,1,
F0582,1,
F0583,1,
F0584,1,
F0585,1,
F0586,1,
F0587,1,
F0588,1,
F0589,1,
F0590,1,
F0591,1,
F0592,1,
F0593,1,
F0594,1,
F0595,1,
F0596,1,
F0597,1,
F0598,1,
F0599,1,
F0600,1,
F0601,1,
F0602,1,
F0603,1,
F0604,1,
F0605,1,
F0606,1,
F0607,1,
F0608,1,
F0609,1,
F0610,1,
F0611,1,
F0612,1,
F0613,1,
F0614,1,
F0615,1,
F0616,1,
F0617,1,
F0618,1,
F0619,1,
F0620,1,
F0621,1,
F0622,1,
F0623,1,
F0624,1,
F0625,1,
F0626,1,
F0627,1,
F0628,1,
F0629,1,
F0630,1,
F0631,1,
F0632,1,
F0633,1,
F0634,1,
F0635,1,
F0636,1,
F0637,1,
F0638,1,
F0639,1,
F0640,1,
F0641,1,
F0642,1,
F0643,1,
F0644,1,
F0645,1,
F0646,1,
F0647,1,
F0648,1,
F0649,1,
F0650,1,
F0651,1,
F0652,1,
F0653,1,
F0654,1,
F0655,1,
F0656,1,
F0657,1,
F0658,1,
F0659,1,
F0660,1,
F0661,1,
F0662,1,
F0663,1,
F0664,1,
F0665,1,
F0666,1,
F0667,1,
F0668,1,
F0669,1,
F0670,1,
F0671,1,
F0672,1,
F0673,1,
F0674,1,
F0675,1,
F0676,1,
F0677,1,
F0678,1,
F0679,1,
F0680,1,
F0681,1,
F0682,1,
F0683,1,
F0684,1,
F0685,1,
F0686,1,
F0687,1,
F0688,1,
F0689,1,
F0690,1,
F0691,1,
F0692,1,
F0693,1,
F0694,1,
F0695,1,
F0696,1,
F0697,1,
F0698,1,
F0699,1,
F0700,1,
F0701,1,
F0702,1,
F0703,1,
F0704,1,
F0705,1,
F0706,1,
F0707,1,
F0708,1,
F0709,1,
F0710,1,
F0711,1,
F0712,1,
F0713,1,
F0714,1,
F0715,1,
F0716,1,
F0717,1,
F0718,1,
F0719,1,
F0720,1,
F0721,1,
F0722,1,
F0723,1,
F0724,1,
F0725,1,
F0726,1,
F0727,1,
F0728,1,
F0729,1,
F0730,1,
F0731,1,
F0732,1,
F0733,1,
F0734,1,
F0735,1,
F0736,1,
F0737,1,
F0738,1,
F0739,1,
F0740,1,
F0741,1,
F0742,1,
F0743,1,
F0744,1,
F0745,1,
F0746,1,
F0747,1,
F0748,1,
F0749,1,
F0750,1,
F0751,1,
F0752,1,
F0753,1,
F0754,1,
F0755,1,
F0756,1,
F0757,1,
F0758,1,
F0759,1,
F0760,1,
F0761,1,
F0762,1,
F0763,1,
F0764,1,
F0765,1,
F0766,1,
F0767,1,
F0768,1,
F0769,1,
F0770,1,
F0771,1,
F0772,1,
F0773,1,
F0774,1,
F0775,1,
F0776,1,
F0777,1,
F0778,1,
F0779,1,
F0780,1,
F0781,1,
F0782,1,
F0783,1,
F0784,1,
F0785,1,
F0786,1,
F0787,1,
F0788,1,
F0789,1,
F0790,1,
F0791,1,
F0792,1,
F0793,1,
F0794,1,
F0795,1,
F0796,1,
F0797,1,
F0798,1,
F0799,1,
F0800,1,
F0801,1,
F0802,1,
F0803,1,
F0804,1,
F0805,1,
F0806,1,
F0807,1,
F0808,1,
F0809,1,
F0810,1,
F0811,1,
F0812,1,
F0813,1,
F0814,1,
F0815,1,
F0816,1,
F0817,1,
F0818,1,
F0819,1,
F0820,1,
F0821,1,
F0822,1,
F0823,1,
F0824,1,
F0825,1,
F0826,1,
F0827,1,
F0828,1,
F0829,1,
F0830,1,
F0831,1,
F0832,1,
F0833,1,
F0834,1,
F0835,1,
F0836,1,
F0837,1,
F0838,1,
F0839,1,
F0840,1,
F0841,1,
F0842,1,
F0843,1,
F0844,1,
F0845,1,
F0846,1,
F0847,1,
F0848,1,
F0849,1,
F0850,1,
F0851,1,
F0852,1,
F0853,1,
F0854,1,
F0855,1,
F0856,1,
F0857,1,
F0858,1,
F0859,1,
F0860,1,
F0861,1,
F0862,1,
F0863,1,
F0864,1,
F0865,1,
F0866,1,
F0867,1,
F0868,1,
F0869,1,
F0870,1,
F0871,1,
F0872,1,
F0873,1,
F0874,1,
F0875,1,
F0876,1,
F0877,1,
F0878,1,
F0879,1,
F0880,1,
F0881,1,
F0882,1,
F0883,1,
F0884,1,
F0885,1,
F0886,1,
F0887,1,
F0888,1,
F0889,1,
F0890,1,
F0891,1,
F0892,1,
F0893,1,
F0894,1,
F0895,1,
F0896,1,
F0897,1,
F0898,1,
F0899,1,
F0900,1,
F0901,1,
F0902,1,
F0903,1,
F0904,1,
F0905,1,
F0906,1,
F0907,1,
F0908,1,
F0909,1,
F0910,1,
F0911,1,
F0912,1,
F0913,1,
F0914,1,
F0915,1,
F0916,1,
F0917,1,
F0918,1,
F0919,1,
F0920,1,
F0921,1,
F0922,1,
F0923,1,
F0924,1,
F0925,1,
F0926,1,
F0927,1,
F0928,1,
F0929,1,
F0930,1,
F0931,1,
F0932,1,
F0933,1,
F0934,1,
F0935,1,
F0936,1,
F0937,1,
F0938,1,
F0939,1,
F0940,1,
F0941,1,
F0942,1,
F0943,1,
F0944,1,
F0945,1,
F0946,1,
F0947,1,
F0948,1,
F0949,1,
F0950,1,
F0951,1,
F0952,1,
F0953,1,
F0954,1,
F0955,1,
F0956,1,
F0957,1,
F0958,1,
F0959,1,
F0960,1,
F0961,1,
F0962,1,
F0963,1,
F0964,1,
F0965,1,
F0966,1,
F0967,1,
F0968,1,
F0969,1,
F0970,1,
F0971,1,
F0972,1,
F0973,1,
F0974,1,
F0975,1,
F0976,1,
F0977,1,
F0978,1,
F0979,1,
F0980,1,
F0981,1,
F0982,1,
F0983,1,
F0984,1,
F0985,1,
F0986,1,
F0987,1,
F0988,1,
F0989,1,
F0990,1,
F0991,1,
F0992,1,
F0993,1,
F0994,1,
F0995,1,
F0996,1,
F0997,1,
F0998,1,
F0999,1,
F1000,1,
F1001,1,
F1002,1,
F1003,1,
F1004,1,
F1005,1,
F1006,1,
F1007,1,
F1008,1,
F1009,1,
F1010,1,
F1011,1,
F1012,1,
F1013,1,
F1014,1,
F1015,1,
F1016,1,
F1017,1,
F1018,1,
F1019,1,
F1020,1,
F1021,1,
F1022,1,
F1023,1,
F1024,1,
F1025,1,
F1026,1,
F1027,1,
F1028,1,
F1029,1,
F1030,1,
F1031,1,
F1032,1,
F1033,1,
F1034,1,
F1035,1,
F1036,1,
F1037,1,
F1038,1,
F1039,1,
F1040,1,
F1041,1,
F1042,1,
F1043,1,
F1044,1,
F1045,1,
F1046,1,
F1047,1,
F1048,1,
F1049,1,
F1050,1,
F1051,1,
F1052,1,
F1053,1,
F1054,1,
F1055,1,
F1056,1,
F1057,1,
F1058,1,
F1059,1,
F1060,1,
F1061,1,
F1062,1,
F1063,1,
F1064,1,
F1065,1,
F1066,1,
F1067,1,
F1068,1,
F1069,1,
F1070,1,
F1071,1,
F1072,1,
F1073,1,
F1074,1,
F1075,1,
F1076,1,
F1077,1,
F1078,1,
F1079,1,
F1080,1,
F1081,1,
F1082,1,
F1083,1,
F1084,1,
F1085,1,
F1086,1,
F1087,1,
F1088,1,
F1089,1,
F1090,1,
F1091,1,
F1092,1,
F1093,1,
F1094,1,
F1095,1,
F1096,1,
F1097,1,
F1098,1,
F1099,1,
F1100,1,
F1101,1,
F1102,1,
F1103,1,
F1104,1,
F1105,1,
F1106,1,
F1107,1,
F1108,1,
F1109,1,
F1110,1,
F1111,1,
F1112,1,
F1113,1,
F1114,1,
F1115,1,
F1116,1,
F1117,1,
F1118,1,
F1119,1,
F1120,1,
F1121,1,
F1122,1,
F1123,1,
F1124,1,
F1125,1,
F1126,1,
F1127,1,
F1128,1,
F1129,1,
F1130,1,
F1131,1,
F1132,1,
F1133,1,
F1134,1,
F1135,1,
F1136,1,
F1137,1,
F1138,1,
F1139,1,
F1140,1,
F1141,1,
F1142,1,
F1143,1,
F1144,1,
F1145,1,
F1146,1,
F1147,1,
F1148,1,
F1149,1,
F1150,1,
F1151,1,
F1152,1,
F1153,1,
F1154,1,
F1155,1,
F1156,1,
F1157,1,
F1158,1,
F1159,1,
F1160,1,
F1161,1,
F1162,1,
F1163,1,
F1164,1,
F1165,1,
F1166,1,
F1167,1,
F1168,1,
F1169,1,
F1170,1,
F1171,1,
F1172,1,
F1173,1,
F1174,1,
F1175,1,
F1176,1,
F1177,1,
F1178,1,
F1179,1,
F1180,1,
F1181,1,
F1182,1,
F1183,1,
F1184,1,
F1185,1,
F1186,1,
F1187,1,
F1188,1,
F1189,1,
F1190,1,
F1191,1,
F1192,1,
F1193,1,
F1194,1,
F1195,1,
F1196,1,
F1197,1,
F1198,1,
F1199,1,
F1200,1,
F1201,1,
F1202,1,
F1203,1,
F1204,1,
F1205,1,
F1206,1,
F1207,1,
F1208,1,
F1209,1,
F1210,1,
F1211,1,
F1212,1,
F1213,1,
F1214,1,
F1215,1,
F1216,1,
F1217,1,
F1218,1,
F1219,1,
F1220,1,
F1221,1,
F1222,1,
F1223,1,
F1224,1,
F1225,1,
F1226,1,
F1227,1,
F1228,1,
F1229,1,
F1230,1,
F1231,1,
F1232,1,
F1233,1,
F1234,1,
F1235,1,
F1236,1,
F1237,1,
F1238,1,
F1239,1,
F1240,1,
F1241,1,
F1242,1,
F1243,1,
F1244,1,
F1245,1,
F1246,1,
F1247,1,
F1248,1,
F1249,1,
F1250,1,
F1251,1,
F1252,1,
F1253,1,
F1254,1,
F1255,1,
F1256,1,
F1257,1,
F1258,1,
F1259,1,
F1260,1,
F1261,1,
F1262,1,
F1263,1,
F1264,1,
F1265,1,
F1266,1,
F1267,1,
F1268,1,
F1269,1,
F1270,1,
F1271,1,
F1272,1,
F1273,1,
F1274,1,
F1275,1,
F1276,1,
F1277,1,
F1278,1,
F1279,1,
F1280,1,
F1281,1,
F1282,1,
F1283,1,
F1284,1,
F1285,1,
F1286,1,
F1287,1,
F1288,1,
F1289,1,
F1290,1,
F1291,1,
F1292,1,
F1293,1,
F1294,1,
F1295,1,
F1296,1,
F1297,1,
F1298,1,
F1299,1,
F1300,1,
F1301,1,
F1302,1,
F1303,1,
F1304,1,
F1305,1,
F1306,1,
F1307,1,
F1308,1,
F1309,1,
F1310,1,
F1311,1,
F1312,1,
F1313,1,
F1314,1,
F1315,1,
F1316,1,
F1317,1,
F1318,1,
F1319,1,
F1320,1,
F1321,1,
F1322,1,
F1323,1,
F1324,1,
F1325,1,
F1326,1,
F1327,1,
F1328,1,
F1329,1,
F1330,1,
F1331,1,
F1332,1,
F1333,1,
F1334,1,
F1335,1,
F1336,1,
F1337,1,
F1338,1,
F1339,1,
F1340,1,
F1341,1,
F1342,1,
F1343,1,
F1344,1,
F1345,1,
F1346,1,
F1347,1,
F1348,1,
F1349,1,
F1350,1,
F1351,1,
F1352,1,
F1353,1,
F1354,1,
F1355,1,
F1356,1,
F1357,1,
F1358,1,
F1359,1,
F1360,1,
F1361,1,
F1362,1,
F1363,1,
F1364,1,
F1365,1,
F1366,1,
F1367,1,
F1368,1,
F1369,1,
F1370,1,
F1371,1,
F1372,1,
F1373,1,
F1374,1,
F1375,1,
F1376,1,
F1377,1,
F1378,1,
F1379,1,
F1380,1,
F1381,1,
F1382,1,
F1383,1,
F1384,1,
F1385,1,
F1386,1,
F1387,1,
F1388,1,
F1389,1,
F1390,1,
F1391,1,
F1392,1,
F1393,1,
F1394,1,
F1395,1,
F1396,1,
F1397,1,
F1398,1,
F1399,1,
F1400,1,
F1401,1,
F1402,1,
F1403,1,
F1404,1,
F1405,1,
F1406,1,
F1407,1,
F1408,1,
F1409,1,
F1410,1,
F1411,1,
F1412,1,
F1413,1,
F1414,1,
F1415,1,
F1416,1,
F1417,1,
F1418,1,
F1419,1,
F1420,1,
F1421,1,
F1422,1,
F1423,1,
F1424,1,
F1425,1,
F1426,1,
F1427,1,
F1428,1,
F1429,1,
F1430,1,
F1431,1,
F1432,1,
F1433,1,
F1434,1,
F1435,1,
F1436,1,
F1437,1,
F1438,1,
F1439,1,
F1440,1,
F1441,1,
F1442,1,
F1443,1,
F1444,1,
F1445,1,
F1446,1,
F1447,1,
F1448,1,
F1449,1,
F1450,1,
F1451,1,
F1452,1,
F1453,1,
F1454,1,
F1455,1,
F1456,1,
F1457,1,
F1458,1,
F1459,1,
F1460,1,
F1461,1,
F1462,1,
F1463,1,
F1464,1,
F1465,1,
F1466,1,
F1467,1,
F1468,1,
F1469,1,
F1470,1,
F1471,1,
F1472,1,
F1473,1,
F1474,1,
F1475,1,
F1476,1,
F1477,1,
F1478,1,
F1479,1,
F1480,1,
F1481,1,
F1482,1,
F1483,1,
F1484,1,
F1485,1,
F1486,1,
F1487,1,
F1488,1,
F1489,1,
F1490,1,
F1491,1,
F1492,1,
F1493,1,
F1494,1,
F1495,1,
F1496,1,
F1497,1,
F1498,1,
F1499,1,
F1500,1,
F1501,1,
F1502,1,
F1503,1,
F1504,1,
F1505,1,
F1506,1,
F1507,1,
F1508,1,
F1509,1,
F1510,1,
F1511,1,
F1512,1,
F1513,1,
F1514,1,
F1515,1,
F1516,1,
F1517,1,
F1518,1,
F1519,1,
F1520,1,
F1521,1,
F1522,1,
F1523,1,
F1524,1,
F1525,1,
F1526,1,
F1527,1,
F1528,1,
F1529,1,
F1530,1,
F1531,1,
F1532,1,
F1533,1,
F1534,1,
F1535,1,
F1536,1,
F1537,1,
F1538,1,
F1539,1,
F1540,1,
F1541,1,
F1542,1,
F1543,1,
F1544,1,
F1545,1,
F1546,1,
F1547,1,
F1548,1,
F1549,1,
F1550,1,
F1551,1,
F1552,1,
F1553,1,
F1554,1,
F1555,1,
F1556,1,
F1557,1,
F1558,1,
F1559,1,
F1560,1,
F1561,1,
F1562,1,
F1563,1,
F1564,1,
F1565,1,
F1566,1,
F1567,1,
F1568,1,
F1569,1,
F1570,1,
F1571,1,
F1572,1,
F1573,1,
F1574,1,
F1575,1,
F1576,1,
F1577,1,
F1578,1,
F1579,1,
F1580,1,
F1581,1,
F1582,1,
F1583,1,
F1584,1,
F1585,1,
F1586,1,
F1587,1,
F1588,1,
F1589,1,
F1590,1,
F1591,1,
F1592,1,
F1593,1,
F1594,1,
F1595,1,
F1596,1,
F1597,1,
F1598,1,
F1599,1,
F1600,1,
F1601,1,
F1602,1,
F1603,1,
F1604,1,
F1605,1,
F1606,1,
F1607,1,
F1608,1,
F1609,1,
F1610,1,
F1611,1,
F1612,1,
F1613,1,
F1614,1,
F1615,1,
F1616,1,
F1617,1,
F1618,1,
F1619,1,
F1620,1,
F1621,1,
F1622,1,
F1623,1,
F1624,1,
F1625,1,
F1626,1,
F1627,1,
F1628,1,
F1629,1,
F1630,1,
F1631,1,
F1632,1,
F1633,1,
F1634,1,
F1635,1,
F1636,1,
F1637,1,
F1638,1,
F1639,1,
F1640,1,
F1641,1,
F1642,1,
F1643,1,
F1644,1,
F1645,1,
F1646,1,
F1647,1,
F1648,1,
F1649,1,
F1650,1,
F1651,1,
F1652,1,
F1653,1,
F1654,1,
F1655,1,
F1656,1,
F1657,1,
F1658,1,
F1659,1,
F1660,1,
F1661,1,
F1662,1,
F1663,1,
F1664,1,
F1665,1,
F1666,1,
F1667,1,
F1668,1,
F1669,1,
F1670,1,
F1671,1,
F1672,1,
F1673,1,
F1674,1,
F1675,1,
F1676,1,
F1677,1,
F1678,1,
F1679,1,
F1680,1,
F1681,1,
F1682,1,
F1683,1,
F1684,1,
F1685,1,
F1686,1,
F1687,1,
F1688,1,
F1689,1,
F1690,1,
F1691,1,
F1692,1,
F1693,1,
F1694,1,
F1695,1,
F1696,1,
F1697,1,
F1698,1,
F1699,1,
F1700,1,
F1701,1,
F1702,1,
F1703,1,
F1704,1,
F1705,1,
F1706,1,
F1707,1,
F1708,1,
F1709,1,
F1710,1,
F1711,1,
F1712,1,
F1713,1,
F1714,1,
F1715,1,
F1716,1,
F1717,1,
F1718,1,
F1719,1,
F1720,1,
F1721,1,
F1722,1,
F1723,1,
F1724,1,
F1725,1,
F1726,1,
F1727,1,
F1728,1,
F1729,1,
F1730,1,
F1731,1,
F1732,1,
F1733,1,
F1734,1,
F1735,1,
F1736,1,
F1737,1,
F1738,1,
F1739,1,
F1740,1,
F1741,1,
F1742,1,
F1743,1,
F1744,1,
F1745,1,
F1746,1,
F1747,1,
F1748,1,
F1749,1,
F1750,1,
F1751,1,
F1752,1,
F1753,1,
F1754,1,
F1755,1,
F1756,1,
F1757,1,
F1758,1,
F1759,1,
F1760,1,
F1761,1,
F1762,1,
F1763,1,
F1764,1,
F1765,1,
F1766,1,
F1767,1,
F1768,1,
F1769,1,
F1770,1,
F1771,1,
F1772,1,
F1773,1,
F1774,1,
F1775,1,
F1776,1,
F1777,1,
F1778,1,
F1779,1,
F1780,1,
F1781,1,
F1782,1,
F1783,1,
F1784,1,
F1785,1,
F1786,1,
F1787,1,
F1788,1,
F1789,1,
F1790,1,
F1791,1,
F1792,1,
F1793,1,
F1794,1,
F1795,1,
F1796,1,
F1797,1,
F1798,1,
F1799,1,
F1800,1,
F1801,1,
F1802,1,
F1803,1,
F1804,1,
F1805,1,
F1806,1,
F1807,1,
F1808,1,
F1809,1,
F1810,1,
F1811,1,
F1812,1,
F1813,1,
F1814,1,
F1815,1,
F1816,1,
F1817,1,
F1818,1,
F1819,1,
F1820,1,
F1821,1,
F1822,1,
F1823,1,
F1824,1,
F1825,1,
F1826,1,
F1827,1,
F1828,1,
F1829,1,
F1830,1,
F1831,1,
F1832,1,
F1833,1,
F1834,1,
F1835,1,
F1836,1,
F1837,1,
F1838,1,
F1839,1,
F1840,1,
F1841,1,
F1842,1,
F1843,1,
F1844,1,
F1845,1,
F1846,1,
F1847,1,
F1848,1,
F1849,1,
F1850,1,
F1851,1,
F1852,1,
F1853,1,
F1854,1,
F1855,1,
F1856,1,
F1857,1,
F1858,1,
F1859,1,
F1860,1,
F1861,1,
F1862,1,
F1863,1,
F1864,1,
F1865,1,
F1866,1,
F1867,1,
F1868,1,
F1869,1,
F1870,1,
F1871,1,
F1872,1,
F1873,1,
F1874,1,
F1875,1,
F1876,1,
F1877,1,
F1878,1,
F1879,1,
F1880,1,
F1881,1,
F1882,1,
F1883,1,
F1884,1,
F1885,1,
F1886,1,
F1887,1,
F1888,1,
F1889,1,
F1890,1,
F1891,1,
F1892,1,
F1893,1,
F1894,1,
F1895,1,
F1896,1,
F1897,1,
F1898,1,
F1899,1,
F1900,1,
F1901,1,
F1902,1,
F1903,1,
F1904,1,
F1905,1,
F1906,1,
F1907,1,
F1908,1,
F1909,1,
F1910,1,
F1911,1,
F1912,1,
F1913,1,
F1914,1,
F1915,1,
F1916,1,
F1917,1,
F1918,1,
F1919,1,
F1920,1,
F1921,1,
F1922,1,
F1923,1,
F1924,1,
F1925,1,
F1926,1,
F1927,1,
F1928,1,
F1929,1,
F1930,1,
F1931,1,
F1932,1,
F1933,1,
F1934,1,
F1935,1,
F1936,1,
F1937,1,
F1938,1,
F1939,1,
F1940,1,
F1941,1,
F1942,1,
F1943,1,
F1944,1,
F1945,1,
F1946,1,
F1947,1,
F1948,1,
F1949,1,
F1950,1,
F1951,1,
F1952,1,
F1953,1,
F1954,1,
F1955,1,
F1956,1,
F1957,1,
F1958,1,
F1959,1,
F1960,1,
F1961,1,
F1962,1,
F1963,1,
F1964,1,
F1965,1,
F1966,1,
F1967,1,
F1968,1,
F1969,1,
F1970,1,
F1971,1,
F1972,1,
F1973,1,
F1974,1,
F1975,1,
F1976,1,
F1977,1,
F1978,1,
F1979,1,
F1980,1,
F1981,1,
F1982,1,
F1983,1,
F1984,1,
F1985,1,
F1986,1,
F1987,1,
F1988,1,
F1989,1,
F1990,1,
F1991,1,
F1992,1,
F1993,1,
F1994,1,
F1995,1,
F1996,1,
F1997,1,
F1998,1,
F1999,1,
F2000,1,
F2001,1,
F2002,1,
F2003,1,
F2004,1,
F2005,1,
F2006,1,
F2007,1,
F2008,1,
F2009,1,
F2010,1,
F2011,1,
F2012,1,
F2013,1,
F2014,1,
F2015,1,
F2016,1,
F2017,1,
F2018,1,
F2019,1,
F2020,1,
F2021,1,
F2022,1,
F2023,1,
F2024,1,
F2025,1,
F2026,1,
F2027,1,
F2028,1,
F2029,1,
F2030,1,
F2031,1,
F2032,1,
F2033,1,
F2034,1,
F2035,1,
F2036,1,
F2037,1,
F2038,1,
F2039,1,
F2040,1,
F2041,1,
F2042,1,
F2043,1,
F2044,1,
F2045,1,
F2046,1,
F2047,1,
