seq,phase,direction,address,operation,expected_read,write_data
0,M0,up,0,write,,0x00
1,M0,up,1,write,,0x00
2,M0,up,2,write,,0x00
3,M0,up,3,write,,0x00
4,M0,up,4,write,,0x00
5,M0,up,5,write,,0x00
6,M0,up,6,write,,0x00
7,M0,up,7,write,,0x00
8,M0,up,8,write,,0x00
9,M0,up,9,write,,0x00
10,M0,up,10,write,,0x00
11,M0,up,11,write,,0x00
12,M0,up,12,write,,0x00
13,M0,up,13,write,,0x00
14,M0,up,14,write,,0x00
15,M0,up,15,write,,0x00
16,M0,up,16,write,,0x00
17,M0,up,17,write,,0x00
18,M0,up,18,write,,0x00
19,M0,up,19,write,,0x00
20,M0,up,20,write,,0x00
21,M0,up,21,write,,0x00
22,M0,up,22,write,,0x00
23,M0,up,23,write,,0x00
24,M0,up,24,write,,0x00
25,M0,up,25,write,,0x00
26,M0,up,26,write,,0x00
27,M0,up,27,write,,0x00
28,M0,up,28,write,,0x00
29,M0,up,29,write,,0x00
30,M0,up,30,write,,0x00
31,M0,up,31,write,,0x00
32,M0,up,32,write,,0x00
33,M0,up,33,write,,0x00
34,M0,up,34,write,,0x00
35,M0,up,35,write,,0x00
36,M0,up,36,write,,0x00
37,M0,up,37,write,,0x00
38,M0,up,38,write,,0x00
39,M0,up,39,write,,0x00
40,M0,up,40,write,,0x00
41,M0,up,41,write,,0x00
42,M0,up,42,write,,0x00
43,M0,up,43,write,,0x00
44,M0,up,44,write,,0x00
45,M0,up,45,write,,0x00
46,M0,up,46,write,,0x00
47,M0,up,47,write,,0x00
48,M0,up,48,write,,0x00
49,M0,up,49,write,,0x00
50,M0,up,50,write,,0x00
51,M0,up,51,write,,0x00
52,M0,up,52,write,,0x00
53,M0,up,53,write,,0x00
54,M0,up,54,write,,0x00
55,M0,up,55,write,,0x00
56,M0,up,56,write,,0x00
57,M0,up,57,write,,0x00
58,M0,up,58,write,,0x00
59,M0,up,59,write,,0x00
60,M0,up,60,write,,0x00
61,M0,up,61,write,,0x00
62,M0,up,62,write,,0x00
63,M0,up,63,write,,0x00
64,M1,up,0,read,0x00,
65,M1,up,0,write,,0xFF
66,M1,up,1,read,0x00,
67,M1,up,1,write,,0xFF
68,M1,up,2,read,0x00,
69,M1,up,2,write,,0xFF
70,M1,up,3,read,0x00,
71,M1,up,3,write,,0xFF
72,M1,up,4,read,0x00,
73,M1,up,4,write,,0xFF
74,M1,up,5,read,0x00,
75,M1,up,5,write,,0xFF
76,M1,up,6,read,0x00,
77,M1,up,6,write,,0xFF
78,M1,up,7,read,0x00,
79,M1,up,7,write,,0xFF
80,M1,up,8,read,0x00,
81,M1,up,8,write,,0xFF
82,M1,up,9,read,0x00,
83,M1,up,9,write,,0xFF
84,M1,up,10,read,0x00,
85,M1,up,10,write,,0xFF
86,M1,up,11,read,0x00,
87,M1,up,11,write,,0xFF
88,M1,up,12,read,0x00,
89,M1,up,12,write,,0xFF
90,M1,up,13,read,0x00,
91,M1,up,13,write,,0xFF
92,M1,up,14,read,0x00,
93,M1,up,14,write,,0xFF
94,M1,up,15,read,0x00,
95,M1,up,15,write,,0xFF
96,M1,up,16,read,0x00,
97,M1,up,16,write,,0xFF
98,M1,up,17,read,0x00,
99,M1,up,17,write,,0xFF
100,M1,up,18,read,0x00,
101,M1,up,18,write,,0xFF
102,M1,up,19,read,0x00,
103,M1,up,19,write,,0xFF
104,M1,up,20,read,0x00,
105,M1,up,20,write,,0xFF
106,M1,up,21,read,0x00,
107,M1,up,21,write,,0xFF
108,M1,up,22,read,0x00,
109,M1,up,22,write,,0xFF
110,M1,up,23,read,0x00,
111,M1,up,23,write,,0xFF
112,M1,up,24,read,0x00,
113,M1,up,24,write,,0xFF
114,M1,up,25,read,0x00,
115,M1,up,25,write,,0xFF
116,M1,up,26,read,0x00,
117,M1,up,26,write,,0xFF
118,M1,up,27,read,0x00,
119,M1,up,27,write,,0xFF
120,M1,up,28,read,0x00,
121,M1,up,28,write,,0xFF
122,M1,up,29,read,0x00,
123,M1,up,29,write,,0xFF
124,M1,up,30,read,0x00,
125,M1,up,30,write,,0xFF
126,M1,up,31,read,0x00,
127,M1,up,31,write,,0xFF
128,M1,up,32,read,0x00,
129,M1,up,32,write,,0xFF
130,M1,up,33,read,0x00,
131,M1,up,33,write,,0xFF
132,M1,up,34,read,0x00,
133,M1,up,34,write,,0xFF
134,M1,up,35,read,0x00,
135,M1,up,35,write,,0xFF
136,M1,up,36,read,0x00,
137,M1,up,36,write,,0xFF
138,M1,up,37,read,0x00,
139,M1,up,37,write,,0xFF
140,M1,up,38,read,0x00,
141,M1,up,38,write,,0xFF
142,M1,up,39,read,0x00,
143,M1,up,39,write,,0xFF
144,M1,up,40,read,0x00,
145,M1,up,40,write,,0xFF
146,M1,up,41,read,0x00,
147,M1,up,41,write,,0xFF
148,M1,up,42,read,0x00,
149,M1,up,42,write,,0xFF
150,M1,up,43,read,0x00,
151,M1,up,43,write,,0xFF
152,M1,up,44,read,0x00,
153,M1,up,44,write,,0xFF
154,M1,up,45,read,0x00,
155,M1,up,45,write,,0xFF
156,M1,up,46,read,0x00,
157,M1,up,46,write,,0xFF
158,M1,up,47,read,0x00,
159,M1,up,47,write,,0xFF
160,M1,up,48,read,0x00,
161,M1,up,48,write,,0xFF
162,M1,up,49,read,0x00,
163,M1,up,49,write,,0xFF
164,M1,up,50,read,0x00,
165,M1,up,50,write,,0xFF
166,M1,up,51,read,0x00,
167,M1,up,51,write,,0xFF
168,M1,up,52,read,0x00,
169,M1,up,52,write,,0xFF
170,M1,up,53,read,0x00,
171,M1,up,53,write,,0xFF
172,M1,up,54,read,0x00,
173,M1,up,54,write,,0xFF
174,M1,up,55,read,0x00,
175,M1,up,55,write,,0xFF
176,M1,up,56,read,0x00,
177,M1,up,56,write,,0xFF
178,M1,up,57,read,0x00,
179,M1,up,57,write,,0xFF
180,M1,up,58,read,0x00,
181,M1,up,58,write,,0xFF
182,M1,up,59,read,0x00,
183,M1,up,59,write,,0xFF
184,M1,up,60,read,0x00,
185,M1,up,60,write,,0xFF
186,M1,up,61,read,0x00,
187,M1,up,61,write,,0xFF
188,M1,up,62,read,0x00,
189,M1,up,62,write,,0xFF
190,M1,up,63,read,0x00,
191,M1,up,63,write,,0xFF
192,M2,up,0,read,0xFF,
193,M2,up,0,write,,0x00
194,M2,up,1,read,0xFF,
195,M2,up,1,write,,0x00
196,M2,up,2,read,0xFF,
197,M2,up,2,write,,0x00
198,M2,up,3,read,0xFF,
199,M2,up,3,write,,0x00
200,M2,up,4,read,0xFF,
201,M2,up,4,write,,0x00
202,M2,up,5,read,0xFF,
203,M2,up,5,write,,0x00
204,M2,up,6,read,0xFF,
205,M2,up,6,write,,0x00
206,M2,up,7,read,0xFF,
207,M2,up,7,write,,0x00
208,M2,up,8,read,0xFF,
209,M2,up,8,write,,0x00
210,M2,up,9,read,0xFF,
211,M2,up,9,write,,0x00
212,M2,up,10,read,0xFF,
213,M2,up,10,write,,0x00
214,M2,up,11,read,0xFF,
215,M2,up,11,write,,0x00
216,M2,up,12,read,0xFF,
217,M2,up,12,write,,0x00
218,M2,up,13,read,0xFF,
219,M2,up,13,write,,0x00
220,M2,up,14,read,0xFF,
221,M2,up,14,write,,0x00
222,M2,up,15,read,0xFF,
223,M2,up,15,write,,0x00
224,M2,up,16,read,0xFF,
225,M2,up,16,write,,0x00
226,M2,up,17,read,0xFF,
227,M2,up,17,write,,0x00
228,M2,up,18,read,0xFF,
229,M2,up,18,write,,0x00
230,M2,up,19,read,0xFF,
231,M2,up,19,write,,0x00
232,M2,up,20,read,0xFF,
233,M2,up,20,write,,0x00
234,M2,up,21,read,0xFF,
235,M2,up,21,write,,0x00
236,M2,up,22,read,0xFF,
237,M2,up,22,write,,0x00
238,M2,up,23,read,0xFF,
239,M2,up,23,write,,0x00
240,M2,up,24,read,0xFF,
241,M2,up,24,write,,0x00
242,M2,up,25,read,0xFF,
243,M2,up,25,write,,0x00
244,M2,up,26,read,0xFF,
245,M2,up,26,write,,0x00
246,M2,up,27,read,0xFF,
247,M2,up,27,write,,0x00
248,M2,up,28,read,0xFF,
249,M2,up,28,write,,0x00
250,M2,up,29,read,0xFF,
251,M2,up,29,write,,0x00
252,M2,up,30,read,0xFF,
253,M2,up,30,write,,0x00
254,M2,up,31,read,0xFF,
255,M2,up,31,write,,0x00
256,M2,up,32,read,0xFF,
257,M2,up,32,write,,0x00
258,M2,up,33,read,0xFF,
259,M2,up,33,write,,0x00
260,M2,up,34,read,0xFF,
261,M2,up,34,write,,0x00
262,M2,up,35,read,0xFF,
263,M2,up,35,write,,0x00
264,M2,up,36,read,0xFF,
265,M2,up,36,write,,0x00
266,M2,up,37,read,0xFF,
267,M2,up,37,write,,0x00
268,M2,up,38,read,0xFF,
269,M2,up,38,write,,0x00
270,M2,up,39,read,0xFF,
271,M2,up,39,write,,0x00
272,M2,up,40,read,0xFF,
273,M2,up,40,write,,0x00
274,M2,up,41,read,0xFF,
275,M2,up,41,write,,0x00
276,M2,up,42,read,0xFF,
277,M2,up,42,write,,0x00
278,M2,up,43,read,0xFF,
279,M2,up,43,write,,0x00
280,M2,up,44,read,0xFF,
281,M2,up,44,write,,0x00
282,M2,up,45,read,0xFF,
283,M2,up,45,write,,0x00
284,M2,up,46,read,0xFF,
285,M2,up,46,write,,0x00
286,M2,up,47,read,0xFF,
287,M2,up,47,write,,0x00
288,M2,up,48,read,0xFF,
289,M2,up,48,write,,0x00
290,M2,up,49,read,0xFF,
291,M2,up,49,write,,0x00
292,M2,up,50,read,0xFF,
293,M2,up,50,write,,0x00
294,M2,up,51,read,0xFF,
295,M2,up,51,write,,0x00
296,M2,up,52,read,0xFF,
297,M2,up,52,write,,0x00
298,M2,up,53,read,0xFF,
299,M2,up,53,write,,0x00
300,M2,up,54,read,0xFF,
301,M2,up,54,write,,0x00
302,M2,up,55,read,0xFF,
303,M2,up,55,write,,0x00
304,M2,up,56,read,0xFF,
305,M2,up,56,write,,0x00
306,M2,up,57,read,0xFF,
307,M2,up,57,write,,0x00
308,M2,up,58,read,0xFF,
309,M2,up,58,write,,0x00
310,M2,up,59,read,0xFF,
311,M2,up,59,write,,0x00
312,M2,up,60,read,0xFF,
313,M2,up,60,write,,0x00
314,M2,up,61,read,0xFF,
315,M2,up,61,write,,0x00
316,M2,up,62,read,0xFF,
317,M2,up,62,write,,0x00
318,M2,up,63,read,0xFF,
319,M2,up,63,write,,0x00
320,M3,down,63,read,0x00,
321,M3,down,63,write,,0xFF
322,M3,down,62,read,0x00,
323,M3,down,62,write,,0xFF
324,M3,down,61,read,0x00,
325,M3,down,61,write,,0xFF
326,M3,down,60,read,0x00,
327,M3,down,60,write,,0xFF
328,M3,down,59,read,0x00,
329,M3,down,59,write,,0xFF
330,M3,down,58,read,0x00,
331,M3,down,58,write,,0xFF
332,M3,down,57,read,0x00,
333,M3,down,57,write,,0xFF
334,M3,down,56,read,0x00,
335,M3,down,56,write,,0xFF
336,M3,down,55,read,0x00,
337,M3,down,55,write,,0xFF
338,M3,down,54,read,0x00,
339,M3,down,54,write,,0xFF
340,M3,down,53,read,0x00,
341,M3,down,53,write,,0xFF
342,M3,down,52,read,0x00,
343,M3,down,52,write,,0xFF
344,M3,down,51,read,0x00,
345,M3,down,51,write,,0xFF
346,M3,down,50,read,0x00,
347,M3,down,50,write,,0xFF
348,M3,down,49,read,0x00,
349,M3,down,49,write,,0xFF
350,M3,down,48,read,0x00,
351,M3,down,48,write,,0xFF
352,M3,down,47,read,0x00,
353,M3,down,47,write,,0xFF
354,M3,down,46,read,0x00,
355,M3,down,46,write,,0xFF
356,M3,down,45,read,0x00,
357,M3,down,45,write,,0xFF
358,M3,down,44,read,0x00,
359,M3,down,44,write,,0xFF
360,M3,down,43,read,0x00,
361,M3,down,43,write,,0xFF
362,M3,down,42,read,0x00,
363,M3,down,42,write,,0xFF
364,M3,down,41,read,0x00,
365,M3,down,41,write,,0xFF
366,M3,down,40,read,0x00,
367,M3,down,40,write,,0xFF
368,M3,down,39,read,0x00,
369,M3,down,39,write,,0xFF
370,M3,down,38,read,0x00,
371,M3,down,38,write,,0xFF
372,M3,down,37,read,0x00,
373,M3,down,37,write,,0xFF
374,M3,down,36,read,0x00,
375,M3,down,36,write,,0xFF
376,M3,down,35,read,0x00,
377,M3,down,35,write,,0xFF
378,M3,down,34,read,0x00,
379,M3,down,34,write,,0xFF
380,M3,down,33,read,0x00,
381,M3,down,33,write,,0xFF
382,M3,down,32,read,0x00,
383,M3,down,32,write,,0xFF
384,M3,down,31,read,0x00,
385,M3,down,31,write,,0xFF
386,M3,down,30,read,0x00,
387,M3,down,30,write,,0xFF
388,M3,down,29,read,0x00,
389,M3,down,29,write,,0xFF
390,M3,down,28,read,0x00,
391,M3,down,28,write,,0xFF
392,M3,down,27,read,0x00,
393,M3,down,27,write,,0xFF
394,M3,down,26,read,0x00,
395,M3,down,26,write,,0xFF
396,M3,down,25,read,0x00,
397,M3,down,25,write,,0xFF
398,M3,down,24,read,0x00,
399,M3,down,24,write,,0xFF
400,M3,down,23,read,0x00,
401,M3,down,23,write,,0xFF
402,M3,down,22,read,0x00,
403,M3,down,22,write,,0xFF
404,M3,down,21,read,0x00,
405,M3,down,21,write,,0xFF
406,M3,down,20,read,0x00,
407,M3,down,20,write,,0xFF
408,M3,down,19,read,0x00,
409,M3,down,19,write,,0xFF
410,M3,down,18,read,0x00,
411,M3,down,18,write,,0xFF
412,M3,down,17,read,0x00,
413,M3,down,17,write,,0xFF
414,M3,down,16,read,0x00,
415,M3,down,16,write,,0xFF
416,M3,down,15,read,0x00,
417,M3,down,15,write,,0xFF
418,M3,down,14,read,0x00,
419,M3,down,14,write,,0xFF
420,M3,down,13,read,0x00,
421,M3,down,13,write,,0xFF
422,M3,down,12,read,0x00,
423,M3,down,12,write,,0xFF
424,M3,down,11,read,0x00,
425,M3,down,11,write,,0xFF
426,M3,down,10,read,0x00,
427,M3,down,10,write,,0xFF
428,M3,down,9,read,0x00,
429,M3,down,9,write,,0xFF
430,M3,down,8,read,0x00,
431,M3,down,8,write,,0xFF
432,M3,down,7,read,0x00,
433,M3,down,7,write,,0xFF
434,M3,down,6,read,0x00,
435,M3,down,6,write,,0xFF
436,M3,down,5,read,0x00,
437,M3,down,5,write,,0xFF
438,M3,down,4,read,0x00,
439,M3,down,4,write,,0xFF
440,M3,down,3,read,0x00,
441,M3,down,3,write,,0xFF
442,M3,down,2,read,0x00,
443,M3,down,2,write,,0xFF
444,M3,down,1,read,0x00,
445,M3,down,1,write,,0xFF
446,M3,down,0,read,0x00,
447,M3,down,0,write,,0xFF
448,M4,down,63,read,0xFF,
449,M4,down,63,write,,0x00
450,M4,down,62,read,0xFF,
451,M4,down,62,write,,0x00
452,M4,down,61,read,0xFF,
453,M4,down,61,write,,0x00
454,M4,down,60,read,0xFF,
455,M4,down,60,write,,0x00
456,M4,down,59,read,0xFF,
457,M4,down,59,write,,0x00
458,M4,down,58,read,0xFF,
459,M4,down,58,write,,0x00
460,M4,down,57,read,0xFF,
461,M4,down,57,write,,0x00
462,M4,down,56,read,0xFF,
463,M4,down,56,write,,0x00
464,M4,down,55,read,0xFF,
465,M4,down,55,write,,0x00
466,M4,down,54,read,0xFF,
467,M4,down,54,write,,0x00
468,M4,down,53,read,0xFF,
469,M4,down,53,write,,0x00
470,M4,down,52,read,0xFF,
471,M4,down,52,write,,0x00
472,M4,down,51,read,0xFF,
473,M4,down,51,write,,0x00
474,M4,down,50,read,0xFF,
475,M4,down,50,write,,0x00
476,M4,down,49,read,0xFF,
477,M4,down,49,write,,0x00
478,M4,down,48,read,0xFF,
479,M4,down,48,write,,0x00
480,M4,down,47,read,0xFF,
481,M4,down,47,write,,0x00
482,M4,down,46,read,0xFF,
483,M4,down,46,write,,0x00
484,M4,down,45,read,0xFF,
485,M4,down,45,write,,0x00
486,M4,down,44,read,0xFF,
487,M4,down,44,write,,0x00
488,M4,down,43,read,0xFF,
489,M4,down,43,write,,0x00
490,M4,down,42,read,0xFF,
491,M4,down,42,write,,0x00
492,M4,down,41,read,0xFF,
493,M4,down,41,write,,0x00
494,M4,down,40,read,0xFF,
495,M4,down,40,write,,0x00
496,M4,down,39,read,0xFF,
497,M4,down,39,write,,0x00
498,M4,down,38,read,0xFF,
499,M4,down,38,write,,0x00
500,M4,down,37,read,0xFF,
501,M4,down,37,write,,0x00
502,M4,down,36,read,0xFF,
503,M4,down,36,write,,0x00
504,M4,down,35,read,0xFF,
505,M4,down,35,write,,0x00
506,M4,down,34,read,0xFF,
507,M4,down,34,write,,0x00
508,M4,down,33,read,0xFF,
509,M4,down,33,write,,0x00
510,M4,down,32,read,0xFF,
511,M4,down,32,write,,0x00
512,M4,down,31,read,0xFF,
513,M4,down,31,write,,0x00
514,M4,down,30,read,0xFF,
515,M4,down,30,write,,0x00
516,M4,down,29,read,0xFF,
517,M4,down,29,write,,0x00
518,M4,down,28,read,0xFF,
519,M4,down,28,write,,0x00
520,M4,down,27,read,0xFF,
521,M4,down,27,write,,0x00
522,M4,down,26,read,0xFF,
523,M4,down,26,write,,0x00
524,M4,down,25,read,0xFF,
525,M4,down,25,write,,0x00
526,M4,down,24,read,0xFF,
527,M4,down,24,write,,0x00
528,M4,down,23,read,0xFF,
529,M4,down,23,write,,0x00
530,M4,down,22,read,0xFF,
531,M4,down,22,write,,0x00
532,M4,down,21,read,0xFF,
533,M4,down,21,write,,0x00
534,M4,down,20,read,0xFF,
535,M4,down,20,write,,0x00
536,M4,down,19,read,0xFF,
537,M4,down,19,write,,0x00
538,M4,down,18,read,0xFF,
539,M4,down,18,write,,0x00
540,M4,down,17,read,0xFF,
541,M4,down,17,write,,0x00
542,M4,down,16,read,0xFF,
543,M4,down,16,write,,0x00
544,M4,down,15,read,0xFF,
545,M4,down,15,write,,0x00
546,M4,down,14,read,0xFF,
547,M4,down,14,write,,0x00
548,M4,down,13,read,0xFF,
549,M4,down,13,write,,0x00
550,M4,down,12,read,0xFF,
551,M4,down,12,write,,0x00
552,M4,down,11,read,0xFF,
553,M4,down,11,write,,0x00
554,M4,down,10,read,0xFF,
555,M4,down,10,write,,0x00
556,M4,down,9,read,0xFF,
557,M4,down,9,write,,0x00
558,M4,down,8,read,0xFF,
559,M4,down,8,write,,0x00
560,M4,down,7,read,0xFF,
561,M4,down,7,write,,0x00
562,M4,down,6,read,0xFF,
563,M4,down,6,write,,0x00
564,M4,down,5,read,0xFF,
565,M4,down,5,write,,0x00
566,M4,down,4,read,0xFF,
567,M4,down,4,write,,0x00
568,M4,down,3,read,0xFF,
569,M4,down,3,write,,0x00
570,M4,down,2,read,0xFF,
571,M4,down,2,write,,0x00
572,M4,down,1,read,0xFF,
573,M4,down,1,write,,0x00
574,M4,down,0,read,0xFF,
575,M4,down,0,write,,0x00
576,M5,up,0,read,0x00,
577,M5,up,1,read,0x00,
578,M5,up,2,read,0x00,
579,M5,up,3,read,0x00,
580,M5,up,4,read,0x00,
581,M5,up,5,read,0x00,
582,M5,up,6,read,0x00,
583,M5,up,7,read,0x00,
584,M5,up,8,read,0x00,
585,M5,up,9,read,0x00,
586,M5,up,10,read,0x00,
587,M5,up,11,read,0x00,
588,M5,up,12,read,0x00,
589,M5,up,13,read,0x00,
590,M5,up,14,read,0x00,
591,M5,up,15,read,0x00,
592,M5,up,16,read,0x00,
593,M5,up,17,read,0x00,
594,M5,up,18,read,0x00,
595,M5,up,19,read,0x00,
596,M5,up,20,read,0x00,
597,M5,up,21,read,0x00,
598,M5,up,22,read,0x00,
599,M5,up,23,read,0x00,
600,M5,up,24,read,0x00,
601,M5,up,25,read,0x00,
602,M5,up,26,read,0x00,
603,M5,up,27,read,0x00,
604,M5,up,28,read,0x00,
605,M5,up,29,read,0x00,
606,M5,up,30,read,0x00,
607,M5,up,31,read,0x00,
608,M5,up,32,read,0x00,
609,M5,up,33,read,0x00,
610,M5,up,34,read,0x00,
611,M5,up,35,read,0x00,
612,M5,up,36,read,0x00,
613,M5,up,37,read,0x00,
614,M5,up,38,read,0x00,
615,M5,up,39,read,0x00,
616,M5,up,40,read,0x00,
617,M5,up,41,read,0x00,
618,M5,up,42,read,0x00,
619,M5,up,43,read,0x00,
620,M5,up,44,read,0x00,
621,M5,up,45,read,0x00,
622,M5,up,46,read,0x00,
623,M5,up,47,read,0x00,
624,M5,up,48,read,0x00,
625,M5,up,49,read,0x00,
626,M5,up,50,read,0x00,
627,M5,up,51,read,0x00,
628,M5,up,52,read,0x00,
629,M5,up,53,read,0x00,
630,M5,up,54,read,0x00,
631,M5,up,55,read,0x00,
632,M5,up,56,read,0x00,
633,M5,up,57,read,0x00,
634,M5,up,58,read,0x00,
635,M5,up,59,read,0x00,
636,M5,up,60,read,0x00,
637,M5,up,61,read,0x00,
638,M5,up,62,read,0x00,
639,M5,up,63,read,0x00,
