cell,category,count,liberty_area_um2,recomputed_area_um2,yosys_area_um2
AND2_X1,combinational,24,1.064000,25.536000,25.536
AND2_X2,combinational,10,1.330000,13.300000,13.3
AND3_X1,combinational,2,1.330000,2.660000,2.66
AND4_X1,combinational,1,1.596000,1.596000,1.596
AOI211_X2,combinational,2,2.394000,4.788000,4.788
AOI21_X1,combinational,10,1.064000,10.640000,10.64
AOI21_X2,combinational,2,1.862000,3.724000,3.724
AOI221_X1,combinational,6,1.596000,9.576000,9.576
AOI221_X2,combinational,2,2.926000,5.852000,5.852
AOI222_X1,combinational,1,2.128000,2.128000,2.128
AOI22_X1,combinational,2,1.330000,2.660000,2.66
BUF_X1,combinational,20,0.798000,15.960000,15.96
BUF_X4,combinational,2,1.862000,3.724000,3.724
BUF_X8,combinational,1,3.458000,3.458000,3.458
CLKBUF_X1,combinational,1,0.798000,0.798000,0.798
CLKBUF_X2,combinational,1,1.064000,1.064000,1.064
DFF_X1,sequential,42,4.522000,189.924000,189.924
FA_X1,combinational,1,4.256000,4.256000,4.256
HA_X1,combinational,10,2.660000,26.600000,26.6
INV_X1,combinational,21,0.532000,11.172000,11.172
INV_X2,combinational,2,0.798000,1.596000,1.596
MUX2_X1,combinational,23,1.862000,42.826000,42.826
MUX2_X2,combinational,2,2.394000,4.788000,4.788
NAND2_X1,combinational,17,0.798000,13.566000,13.566
NAND3_X1,combinational,3,1.064000,3.192000,3.192
NAND3_X4,combinational,1,3.458000,3.458000,3.458
NAND4_X1,combinational,8,1.330000,10.640000,10.64
NOR2_X1,combinational,14,0.798000,11.172000,11.172
NOR3_X1,combinational,1,1.064000,1.064000,1.064
NOR4_X1,combinational,1,1.330000,1.330000,1.33
NOR4_X2,combinational,3,2.394000,7.182000,7.182
OAI21_X1,combinational,10,1.064000,10.640000,10.64
OAI22_X4,combinational,2,4.522000,9.044000,9.044
OR2_X1,combinational,4,1.064000,4.256000,4.256
XNOR2_X1,combinational,3,1.596000,4.788000,4.788
XOR2_X1,combinational,9,1.596000,14.364000,14.364
